Indicator Group . Sector,research.question,sub.research.question,repeat.for.variable,independent.variable,independent.variable.type,dependent.variable,Population Group,dependent.variable.type,hypothesis.type
HH Profile,% of interviews conducted with the head of household,% of interviews conducted with the head of household,,strata,categorical,hh1,Total population,numerical,direct_reporting
HH Profile,% of interviews conducted with female participants,% of interviews conducted with female participants,,strata,categorical,hh1_i,Total population,numerical,direct_reporting
HH Profile,% of interviews conducted with male participants,% of interviews conducted with male participants,,strata,categorical,hh1_ii,Total population,numerical,direct_reporting
HH Profile,% of households with at least one adult member working in the 30 days prior to data collection,% of households with at least one adult member working in the 30 days prior to data collection,,,,hh3,Total population,numerical,direct_reporting
HH Profile,% of households with at least one child member working in the 30 days prior to data collection,% of households with at least one child member working in the 30 days prior to data collection,,,,hh4,Total population,numerical,direct_reporting
HH Profile,% of female headed households,% of female headed households,,strata,categorical,hh2_i,Total population,numerical,direct_reporting
HH Profile,average household size,average household size,,,,average_hh_size,Total population,numerical,direct_reporting
HH Profile,% of household by gender:females,% of household by gender:females,,,,per_female,Total population,numerical,direct_reporting
HH Profile,% of household by gender:males,% of household by gender:males,,,,per_male,Total population,numerical,direct_reporting
HH Profile,% of households by age groups:children,% of households by age groups:children,,,,per_children,Total population,numerical,direct_reporting
HH Profile, % of household by age groups: adults, % of household by age groups: adults,,,,per_adults,Total population,numerical,direct_reporting
HH Profile,% of households with at least one member pregnant or lactating,% of households with at least one member pregnant or lactating,,strata,categorical,hh5,Total population,numerical,direct_reporting
HH Profile,% of households with at least one member with a disability,% of households with at least one member with a disability,,strata,categorical,pwd_1,Total population,numerical,direct_reporting
HH Profile,% of households with at least one member with a chronic disease,% of households with at least one member with a chronic disease,,strata,categorical,chronic_illness,Total population,numerical,direct_reporting
HH Profile,% of households reporting being displaced as a result of the May Escalation,% of households reporting being displaced as a result of the May Escalation,,,,displaced_escalation,Total population,numerical,direct_reporting
HH Profile,% of households by primary shelter type reported in the 12 months prior to data collection,Solid / finished apartment,,,,hh6_i,Total population,numerical,direct_reporting
HH Profile,% of households by primary shelter type reported in the 12 months prior to data collection,Solid / finished house,,,,hh6_ii,Total population,numerical,direct_reporting
HH Profile,% of households by primary shelter type reported in the 12 months prior to data collection,Unfinished / non-enclosed building,,,,hh6_iii,Total population,numerical,direct_reporting
HH Profile,% of households by primary shelter type reported in the 12 months prior to data collection,Makeshift shelter,,,,hh6_iv,Total population,numerical,direct_reporting
HH Profile,% of households by primary shelter type reported in the 12 months prior to data collection,Collective shelter,,,,hh6_v,Total population,numerical,direct_reporting
HH Profile,% of households by primary shelter type reported in the 12 months prior to data collection,Rented,,,,hh7_i,Total population,numerical,direct_reporting
HH Profile,% of households by primary shelter type reported in the 12 months prior to data collection,Ownership,,,,hh7_ii,Total population,numerical,direct_reporting
HH Profile,% of households by primary shelter type reported in the 12 months prior to data collection,"Hosted without rent (by family, friends, institution)",,,,hh7_iii,Total population,numerical,direct_reporting
HH Profile,% of households by primary shelter type reported in the 12 months prior to data collection,No occupancy agreement / squatting,,,,hh7_iv,Total population,numerical,direct_reporting
HH Profile,% of households reporting fear of eviction,% of households reporting fear of eviction,,,,hh8,Total population,numerical,direct_reporting
HH Profile,% of households by primary reason fearing eviction,% of households by primary reason fearing eviction.lack_funds,,,,fear_eviction_why.lack_funds,Households reporting fear of eviction,numerical,direct_reporting
HH Profile,% of households by primary reason fearing eviction,% of households by primary reason fearing eviction.no_longer_hosted,,,,fear_eviction_why.no_longer_hosted,Households reporting fear of eviction,numerical,direct_reporting
HH Profile,% of households by primary reason fearing eviction,% of households by primary reason fearing eviction.unaccepted_by_community,,,,fear_eviction_why.unaccepted_by_community,Households reporting fear of eviction,numerical,direct_reporting
HH Profile,% of households by primary reason fearing eviction,% of households by primary reason fearing eviction.authorities_request,,,,fear_eviction_why.authorities_request,Households reporting fear of eviction,numerical,direct_reporting
HH Profile,% of households by primary reason fearing eviction,% of households by primary reason fearing eviction.owner_request,,,,fear_eviction_why.owner_request,Households reporting fear of eviction,numerical,direct_reporting
HH Profile,% of households by primary reason fearing eviction,% of households by primary reason fearing eviction.no_agreement,,,,fear_eviction_why.no_agreement,Households reporting fear of eviction,numerical,direct_reporting
HH Profile,% of households by primary reason fearing eviction,% of households by primary reason fearing eviction.inadequate,,,,fear_eviction_why.inadequate,Households reporting fear of eviction,numerical,direct_reporting
HH Profile,% of households by primary reason fearing eviction,% of households by primary reason fearing eviction.dispute,,,,fear_eviction_why.dispute,Households reporting fear of eviction,numerical,direct_reporting
HH Profile,% of HHs receiving other kinds of assistance,% of HHs receiving other kinds of assistance,,,,hh9,Households reporting fear of eviction,numerical,direct_reporting
HH Profile,Type of other assistance received,In-kind assistance (food) - UNRWA,,,,food_unrwa,Total population,numerical,direct_reporting
HH Profile,Type of other assistance received,Cash or voucher assistance - UNRWA,,,,cva_unrwa,Total population,numerical,direct_reporting
HH Profile,Type of other assistance received,Cash assistance - Qatar,,,,cash_qatar,Total population,numerical,direct_reporting
HH Profile,Type of other assistance received,In-kind assistance (food) - INGO,,,,food_ingo,Total population,numerical,direct_reporting
HH Profile,Type of other assistance received,In-kind assistance (food) - WFP,,,,food_wfp,Total population,numerical,direct_reporting
HH Profile,Type of other assistance received,Cash or voucher assistance - CBO or local NGO,,,,cva_cbo,Total population,numerical,direct_reporting
HH Profile,Type of other assistance received,Cash or voucher assistance - WFP,,,,cva_wfp,Total population,numerical,direct_reporting
HH Profile,Type of other assistance received,Cash or voucher assistance - Government agency (e.g. MoSD),,,,cva_gov,Total population,numerical,direct_reporting
Transfer Amount and Size,% of HHs reporting that transfer amount has met their basic needs,% of HHs reporting that transfer amount has met their cash needs,,,,amm1_i,Total population,numerical,direct_reporting
Transfer Amount and Size,% of HHs reporting that transfer amount has met their basic needs,% of HHs reporting that transfer amount has met their food needs,,,,amm1_ii,Total population,numerical,direct_reporting
Transfer Amount and Size,% of HHs reporting that transfer amount has met their basic needs,% of HHs reporting that transfer amount has met their shelter needs,,,,amm1_iii,Total population,numerical,direct_reporting
Transfer Amount and Size,% of HHs reporting that transfer amount has met their basic needs,% of HHs reporting that transfer amount has met their water needs,,,,amm1_iv,Total population,numerical,direct_reporting
Transfer Amount and Size,% of HHs reporting that transfer amount has met their basic needs,% of HHs reporting that transfer amount has met their hygiene needs,,,,amm1_v,Total population,numerical,direct_reporting
Transfer Amount and Size,% of HHs reporting that transfer amount has met their basic needs,% of HHs reporting that transfer amount has met their health needs,,,,amm1_vi,Total population,numerical,direct_reporting
Transfer Amount and Size,% of HHs reporting that transfer amount has met their basic needs,% of HHs reporting that transfer amount has met their education needs,,,,amm1_vii,Total population,numerical,direct_reporting
Transfer Amount and Size,% of HHs reporting that transfer amount has met their basic needs,% of HHs reporting that transfer amount has met their energy needs,,,,amm1_viii,Total population,numerical,direct_reporting
Transfer Amount and Size,% of HHs reporting that transfer amount has met their basic needs,% of HHs reporting that transfer amount has met their transportation needs,,,,amm1_ix,Total population,numerical,direct_reporting
Transfer Amount and Size,% of HHs reporting that transfer amount has met their basic needs,% of HHs reporting that transfer amount has met their hh_items needs,,,,amm1_x,Total population,numerical,direct_reporting
Transfer Amount and Size,% of HHs reporting that transfer amount has met their basic needs,% of HHs reporting that transfer amount has met their communication needs,,,,amm1_xi,Total population,numerical,direct_reporting
Transfer Amount and Size,% of HHs reporting that transfer amount has met their basic needs,% of HHs reporting that transfer amount has met their debt needs,,,,amm1_xii,Total population,numerical,direct_reporting
Transfer Amount and Size,% of HHs reporting primary barriers to meeting needs,% of HHs reporting primary barriers to their cash needs,,,,amm2_i,Households reporting unable to meet their cash needs,numerical,direct_reporting
Transfer Amount and Size,% of HHs reporting primary barriers to meeting  cash needs by type of barrier,Insufficient money to purchase goods or services,,,,cash_barriers.insufficient_money,Households reporting unable to meet their cash needs,numerical,direct_reporting
Transfer Amount and Size,% of HHs reporting primary barriers to meeting  cash needs by type of barrier,Distance / need to travel makes it difficult to access markets/service providers,,,,cash_barriers.distance,Households reporting unable to meet their cash needs,numerical,direct_reporting
Transfer Amount and Size,% of HHs reporting primary barriers to meeting  cash needs by type of barrier,Security situation makes it difficult to access markets/service providers,,,,cash_barriers.security_situation,Households reporting unable to meet their cash needs,numerical,direct_reporting
Transfer Amount and Size,% of HHs reporting primary barriers to meeting  cash needs by type of barrier,Social discrimination makes it difficult to access markets/service providers,,,,cash_barriers.social_discrimination,Households reporting unable to meet their cash needs,numerical,direct_reporting
Transfer Amount and Size,% of HHs reporting primary barriers to meeting  cash needs by type of barrier,Insufficient amount of goods/services available,,,,cash_barriers.insufficient_goods,Households reporting unable to meet their cash needs,numerical,direct_reporting
Transfer Amount and Size,% of HHs reporting primary barriers to meeting  cash needs by type of barrier,Poor quality goods/services available Insufficient skills of service providers,,,,cash_barriers.poor_quality,Households reporting unable to meet their cash needs,numerical,direct_reporting
Transfer Amount and Size,% of HHs reporting primary barriers to meeting needs,% of HHs reporting primary barriers to their food needs,,,,amm2_ii,Households reporting unable to meet their food needs,numerical,direct_reporting
Transfer Amount and Size,% of HHs reporting primary barriers to their food needs by type of barriers,Insufficient money to purchase goods or services,,,,food_barriers.insufficient_money,Households reporting unable to meet their food needs,numerical,direct_reporting
Transfer Amount and Size,% of HHs reporting primary barriers to their food needs by type of barriers,Distance / need to travel makes it difficult to access markets/service providers,,,,food_barriers.distance,Households reporting unable to meet their food needs,numerical,direct_reporting
Transfer Amount and Size,% of HHs reporting primary barriers to their food needs by type of barriers,Security situation makes it difficult to access markets/service providers,,,,food_barriers.security_situation,Households reporting unable to meet their food needs,numerical,direct_reporting
Transfer Amount and Size,% of HHs reporting primary barriers to their food needs by type of barriers,Social discrimination makes it difficult to access markets/service providers,,,,food_barriers.social_discrimination,Households reporting unable to meet their food needs,numerical,direct_reporting
Transfer Amount and Size,% of HHs reporting primary barriers to their food needs by type of barriers,Insufficient amount of goods/services available,,,,food_barriers.insufficient_goods,Households reporting unable to meet their food needs,numerical,direct_reporting
Transfer Amount and Size,% of HHs reporting primary barriers to their food needs by type of barriers,Poor quality goods/services available Insufficient skills of service providers,,,,food_barriers.poor_quality,Households reporting unable to meet their food needs,numerical,direct_reporting
Transfer Amount and Size,% of HHs reporting primary barriers to meeting needs,% of HHs reporting primary barriers to their shelter needs,,,,amm2_iii,Households reporting unable to meet their shelter needs,numerical,direct_reporting
Transfer Amount and Size,% of HHs reporting primary barriers to their shelter needs by type of barrier,Insufficient money to purchase goods or services,,,,shelter_barriers,Households reporting unable to meet their shelter needs,numerical,direct_reporting
Transfer Amount and Size,% of HHs reporting primary barriers to their shelter needs by type of barrier,Distance / need to travel makes it difficult to access markets/service providers,,,,shelter_barriers.insufficient_money,Households reporting unable to meet their shelter needs,numerical,direct_reporting
Transfer Amount and Size,% of HHs reporting primary barriers to their shelter needs by type of barrier,Security situation makes it difficult to access markets/service providers,,,,shelter_barriers.distance,Households reporting unable to meet their shelter needs,numerical,direct_reporting
Transfer Amount and Size,% of HHs reporting primary barriers to their shelter needs by type of barrier,Social discrimination makes it difficult to access markets/service providers,,,,shelter_barriers.security_situation,Households reporting unable to meet their shelter needs,numerical,direct_reporting
Transfer Amount and Size,% of HHs reporting primary barriers to their shelter needs by type of barrier,Insufficient amount of goods/services available,,,,shelter_barriers.social_discrimination,Households reporting unable to meet their shelter needs,numerical,direct_reporting
Transfer Amount and Size,% of HHs reporting primary barriers to their shelter needs by type of barrier,Poor quality goods/services available Insufficient skills of service providers,,,,shelter_barriers.insufficient_goods,Households reporting unable to meet their shelter needs,numerical,direct_reporting
Transfer Amount and Size,% of HHs reporting primary barriers to meeting needs,% of HHs reporting primary barriers to their water needs,,,,amm2_iv,Households reporting unable to meet their water needs,numerical,direct_reporting
Transfer Amount and Size,% of HHs reporting primary barriers to meeting needs,Insufficient money to purchase goods or services,,,,water_barriers,Households reporting unable to meet their water needs,numerical,direct_reporting
Transfer Amount and Size,% of HHs reporting primary barriers to meeting needs,Distance / need to travel makes it difficult to access markets/service providers,,,,water_barriers.insufficient_money,Households reporting unable to meet their water needs,numerical,direct_reporting
Transfer Amount and Size,% of HHs reporting primary barriers to meeting needs,Security situation makes it difficult to access markets/service providers,,,,water_barriers.distance,Households reporting unable to meet their water needs,numerical,direct_reporting
Transfer Amount and Size,% of HHs reporting primary barriers to meeting needs,Social discrimination makes it difficult to access markets/service providers,,,,water_barriers.security_situation,Households reporting unable to meet their water needs,numerical,direct_reporting
Transfer Amount and Size,% of HHs reporting primary barriers to meeting needs,Insufficient amount of goods/services available,,,,water_barriers.social_discrimination,Households reporting unable to meet their water needs,numerical,direct_reporting
Transfer Amount and Size,% of HHs reporting primary barriers to meeting needs,Poor quality goods/services available Insufficient skills of service providers,,,,water_barriers.insufficient_goods,Households reporting unable to meet their water needs,numerical,direct_reporting
Transfer Amount and Size,% of HHs reporting primary barriers to meeting needs,% of HHs reporting primary barriers to their hygiene needs,,,,amm2_v,Households reporting unable to meet their hygiene needs,numerical,direct_reporting
Transfer Amount and Size,% of HHs reporting primary barriers to their hygiene needs by barrier,Insufficient money to purchase goods or services,,,,hygiene_barriers.insufficient_money,Households reporting unable to meet their hygiene needs,numerical,direct_reporting
Transfer Amount and Size,% of HHs reporting primary barriers to their hygiene needs by barrier,Distance / need to travel makes it difficult to access markets/service providers,,,,hygiene_barriers.distance,Households reporting unable to meet their hygiene needs,numerical,direct_reporting
Transfer Amount and Size,% of HHs reporting primary barriers to their hygiene needs by barrier,Security situation makes it difficult to access markets/service providers,,,,hygiene_barriers.security_situation,Households reporting unable to meet their hygiene needs,numerical,direct_reporting
Transfer Amount and Size,% of HHs reporting primary barriers to their hygiene needs by barrier,Social discrimination makes it difficult to access markets/service providers,,,,hygiene_barriers.social_discrimination,Households reporting unable to meet their hygiene needs,numerical,direct_reporting
Transfer Amount and Size,% of HHs reporting primary barriers to their hygiene needs by barrier,Insufficient amount of goods/services available,,,,hygiene_barriers.insufficient_goods,Households reporting unable to meet their hygiene needs,numerical,direct_reporting
Transfer Amount and Size,% of HHs reporting primary barriers to their hygiene needs by barrier,Poor quality goods/services available Insufficient skills of service providers,,,,hygiene_barriers.poor_quality,Households reporting unable to meet their hygiene needs,numerical,direct_reporting
Transfer Amount and Size,% of HHs reporting primary barriers to meeting needs,% of HHs reporting primary barriers to their health needs,,,,amm2_vi,Households reporting unable to meet their health needs,numerical,direct_reporting
Transfer Amount and Size,% of HHs reporting primary barriers to their health needs by type of barrier,Insufficient money to purchase goods or services,,,,health_barriers.insufficient_money,Households reporting unable to meet their health needs,numerical,direct_reporting
Transfer Amount and Size,% of HHs reporting primary barriers to their health needs by type of barrier,Distance / need to travel makes it difficult to access markets/service providers,,,,health_barriers.distance,Households reporting unable to meet their health needs,numerical,direct_reporting
Transfer Amount and Size,% of HHs reporting primary barriers to their health needs by type of barrier,Security situation makes it difficult to access markets/service providers,,,,health_barriers.security_situation,Households reporting unable to meet their health needs,numerical,direct_reporting
Transfer Amount and Size,% of HHs reporting primary barriers to their health needs by type of barrier,Social discrimination makes it difficult to access markets/service providers,,,,health_barriers.social_discrimination,Households reporting unable to meet their health needs,numerical,direct_reporting
Transfer Amount and Size,% of HHs reporting primary barriers to their health needs by type of barrier,Insufficient amount of goods/services available,,,,health_barriers.insufficient_goods,Households reporting unable to meet their health needs,numerical,direct_reporting
Transfer Amount and Size,% of HHs reporting primary barriers to their health needs by type of barrier,Poor quality goods/services available Insufficient skills of service providers,,,,health_barriers.poor_quality,Households reporting unable to meet their health needs,numerical,direct_reporting
Transfer Amount and Size,% of HHs reporting primary barriers to meeting needs,% of HHs reporting primary barriers to their education needs,,,,amm2_vii,Households reporting unable to meet their education needs,numerical,direct_reporting
Transfer Amount and Size,% of HHs reporting primary barriers to their education needs by type of barrier,Insufficient money to purchase goods or services,,,,edu_barriers.insufficient_money,Households reporting unable to meet their education needs,numerical,direct_reporting
Transfer Amount and Size,% of HHs reporting primary barriers to their education needs by type of barrier,Distance / need to travel makes it difficult to access markets/service providers,,,,edu_barriers.distance,Households reporting unable to meet their education needs,numerical,direct_reporting
Transfer Amount and Size,% of HHs reporting primary barriers to their education needs by type of barrier,Security situation makes it difficult to access markets/service providers,,,,edu_barriers.security_situation,Households reporting unable to meet their education needs,numerical,direct_reporting
Transfer Amount and Size,% of HHs reporting primary barriers to their education needs by type of barrier,Social discrimination makes it difficult to access markets/service providers,,,,edu_barriers.social_discrimination,Households reporting unable to meet their education needs,numerical,direct_reporting
Transfer Amount and Size,% of HHs reporting primary barriers to their education needs by type of barrier,Insufficient amount of goods/services available,,,,edu_barriers.insufficient_goods,Households reporting unable to meet their education needs,numerical,direct_reporting
Transfer Amount and Size,% of HHs reporting primary barriers to their education needs by type of barrier,Poor quality goods/services available Insufficient skills of service providers,,,,edu_barriers.poor_quality,Households reporting unable to meet their education needs,numerical,direct_reporting
Transfer Amount and Size,% of HHs reporting primary barriers to meeting needs,% of HHs reporting primary barriers to their energy needs,,,,amm2_viii,Households reporting unable to meet their energy needs,numerical,direct_reporting
Transfer Amount and Size,% of HHs reporting primary barriers to their energy needs by type of barrier,Insufficient money to purchase goods or services,,,,energy_barriers.insufficient_money,Households reporting unable to meet their energy needs,numerical,direct_reporting
Transfer Amount and Size,% of HHs reporting primary barriers to their energy needs by type of barrier,Distance / need to travel makes it difficult to access markets/service providers,,,,energy_barriers.distance,Households reporting unable to meet their energy needs,numerical,direct_reporting
Transfer Amount and Size,% of HHs reporting primary barriers to their energy needs by type of barrier,Security situation makes it difficult to access markets/service providers,,,,energy_barriers.security_situation,Households reporting unable to meet their energy needs,numerical,direct_reporting
Transfer Amount and Size,% of HHs reporting primary barriers to their energy needs by type of barrier,Social discrimination makes it difficult to access markets/service providers,,,,energy_barriers.social_discrimination,Households reporting unable to meet their energy needs,numerical,direct_reporting
Transfer Amount and Size,% of HHs reporting primary barriers to their energy needs by type of barrier,Insufficient amount of goods/services available,,,,energy_barriers.insufficient_goods,Households reporting unable to meet their energy needs,numerical,direct_reporting
Transfer Amount and Size,% of HHs reporting primary barriers to their energy needs by type of barrier,Poor quality goods/services available Insufficient skills of service providers,,,,energy_barriers.poor_quality,Households reporting unable to meet their energy needs,numerical,direct_reporting
Transfer Amount and Size,% of HHs reporting primary barriers to meeting needs,% of HHs reporting primary barriers to their transportation needs,,,,amm2_ix,Households reporting unable to meet their transportation needs,numerical,direct_reporting
Transfer Amount and Size,% of HHs reporting primary barriers to their transportation needs by type of barrier,Insufficient money to purchase goods or services,,,,transportation_barriers.insufficient_money,Households reporting unable to meet their transportation needs,numerical,direct_reporting
Transfer Amount and Size,% of HHs reporting primary barriers to their transportation needs by type of barrier,Distance / need to travel makes it difficult to access markets/service providers,,,,transportation_barriers.distance,Households reporting unable to meet their transportation needs,numerical,direct_reporting
Transfer Amount and Size,% of HHs reporting primary barriers to their transportation needs by type of barrier,Security situation makes it difficult to access markets/service providers,,,,transportation_barriers.security_situation,Households reporting unable to meet their transportation needs,numerical,direct_reporting
Transfer Amount and Size,% of HHs reporting primary barriers to their transportation needs by type of barrier,Social discrimination makes it difficult to access markets/service providers,,,,transportation_barriers.social_discrimination,Households reporting unable to meet their transportation needs,numerical,direct_reporting
Transfer Amount and Size,% of HHs reporting primary barriers to their transportation needs by type of barrier,Insufficient amount of goods/services available,,,,transportation_barriers.insufficient_goods,Households reporting unable to meet their transportation needs,numerical,direct_reporting
Transfer Amount and Size,% of HHs reporting primary barriers to their transportation needs by type of barrier,Poor quality goods/services available Insufficient skills of service providers,,,,transportation_barriers.poor_quality,Households reporting unable to meet their transportation needs,numerical,direct_reporting
Transfer Amount and Size,% of HHs reporting primary barriers to meeting needs,% of HHs reporting primary barriers to their hh_items needs,,,,amm2_x,Households reporting unable to meet their hh_items needs,numerical,direct_reporting
Transfer Amount and Size,% of HHs reporting primary barriers to meeting needs,Insufficient money to purchase goods or services,,,,hh_items_barriers.insufficient_money,Households reporting unable to meet their hh_items needs,numerical,direct_reporting
Transfer Amount and Size,% of HHs reporting primary barriers to meeting needs,Distance / need to travel makes it difficult to access markets/service providers,,,,hh_items_barriers.distance,Households reporting unable to meet their hh_items needs,numerical,direct_reporting
Transfer Amount and Size,% of HHs reporting primary barriers to meeting needs,Security situation makes it difficult to access markets/service providers,,,,hh_items_barriers.security_situation,Households reporting unable to meet their hh_items needs,numerical,direct_reporting
Transfer Amount and Size,% of HHs reporting primary barriers to meeting needs,Social discrimination makes it difficult to access markets/service providers,,,,hh_items_barriers.social_discrimination,Households reporting unable to meet their hh_items needs,numerical,direct_reporting
Transfer Amount and Size,% of HHs reporting primary barriers to meeting needs,Insufficient amount of goods/services available,,,,hh_items_barriers.insufficient_goods,Households reporting unable to meet their hh_items needs,numerical,direct_reporting
Transfer Amount and Size,% of HHs reporting primary barriers to meeting needs,Poor quality goods/services available Insufficient skills of service providers,,,,hh_items_barriers.poor_quality,Households reporting unable to meet their hh_items needs,numerical,direct_reporting
Transfer Amount and Size,% of HHs reporting primary barriers to meeting needs,% of HHs reporting primary barriers to their communication needs,,,,amm2_xi,Households reporting unable to meet their communication needs,numerical,direct_reporting
Transfer Amount and Size,% of HHs reporting primary barriers to their communication needs by type of barrier,Insufficient money to purchase goods or services,,,,comms_barriers.insufficient_money,Households reporting unable to meet their communication needs,numerical,direct_reporting
Transfer Amount and Size,% of HHs reporting primary barriers to their communication needs by type of barrier,Distance / need to travel makes it difficult to access markets/service providers,,,,comms_barriers.distance,Households reporting unable to meet their communication needs,numerical,direct_reporting
Transfer Amount and Size,% of HHs reporting primary barriers to their communication needs by type of barrier,Security situation makes it difficult to access markets/service providers,,,,comms_barriers.security_situation,Households reporting unable to meet their communication needs,numerical,direct_reporting
Transfer Amount and Size,% of HHs reporting primary barriers to their communication needs by type of barrier,Social discrimination makes it difficult to access markets/service providers,,,,comms_barriers.social_discrimination,Households reporting unable to meet their communication needs,numerical,direct_reporting
Transfer Amount and Size,% of HHs reporting primary barriers to their communication needs by type of barrier,Insufficient amount of goods/services available,,,,comms_barriers.insufficient_goods,Households reporting unable to meet their communication needs,numerical,direct_reporting
Transfer Amount and Size,% of HHs reporting primary barriers to their communication needs by type of barrier,Poor quality goods/services available Insufficient skills of service providers,,,,comms_barriers.poor_quality,Households reporting unable to meet their communication needs,numerical,direct_reporting
Transfer Amount and Size,% of HHs reporting primary barriers to meeting needs,% of HHs reporting primary barriers to their debt needs,,,,amm2_xii,Households reporting unable to meet their debt needs,numerical,direct_reporting
Transfer Amount and Size,% of HHs reporting primary barriers to their debt needs by type of barrier,Insufficient money to purchase goods or services,,,,debt_barriers.insufficient_money,Households reporting unable to meet their debt needs,numerical,direct_reporting
Transfer Amount and Size,% of HHs reporting primary barriers to their debt needs by type of barrier,Distance / need to travel makes it difficult to access markets/service providers,,,,debt_barriers.distance,Households reporting unable to meet their debt needs,numerical,direct_reporting
Transfer Amount and Size,% of HHs reporting primary barriers to their debt needs by type of barrier,Security situation makes it difficult to access markets/service providers,,,,debt_barriers.security_situation,Households reporting unable to meet their debt needs,numerical,direct_reporting
Transfer Amount and Size,% of HHs reporting primary barriers to their debt needs by type of barrier,Social discrimination makes it difficult to access markets/service providers,,,,debt_barriers.social_discrimination,Households reporting unable to meet their debt needs,numerical,direct_reporting
Transfer Amount and Size,% of HHs reporting primary barriers to their debt needs by type of barrier,Insufficient amount of goods/services available,,,,debt_barriers.insufficient_goods,Households reporting unable to meet their debt needs,numerical,direct_reporting
Transfer Amount and Size,% of HHs reporting primary barriers to their debt needs by type of barrier,Poor quality goods/services available Insufficient skills of service providers,,,,debt_barriers.poor_quality,Households reporting unable to meet their debt needs,numerical,direct_reporting
Transfer Amount and Size,% of HHs reporting taking one of the following behaviors or activities during the duration they received MPCA,Pay down household debt in part,,,,amm3_i,Total population,numerical,direct_reporting
Transfer Amount and Size,% of HHs reporting taking one of the following behaviors or activities during the duration they received MPCA,Pay down household debt in full,,,,amm3_ii,Total population,numerical,direct_reporting
Transfer Amount and Size,% of HHs reporting taking one of the following behaviors or activities during the duration they received MPCA,Not take on any new debts,,,,amm3_iii,Total population,numerical,direct_reporting
Transfer Amount and Size,% of HHs reporting taking one of the following behaviors or activities during the duration they received MPCA,Replenish or start a savings (formal or informal),,,,amm3_iv,Total population,numerical,direct_reporting
Transfer Amount and Size,% of HHs reporting taking one of the following behaviors or activities during the duration they received MPCA,Purchase/repair/replacement of at least one productive asset,,,,amm3_v,Total population,numerical,direct_reporting
Transfer Amount and Size,% of HHs reporting taking one of the following behaviors or activities during the duration they received MPCA,Establishment or strengthening of income-generating activities,,,,amm3_vi,Total population,numerical,direct_reporting
Transfer Amount and Size,% of HHs reporting taking one of the following behaviors or activities during the duration they received MPCA,"Repair or replace a significant NFI (e.g. oven, heater, car, refrigerator)",,,,amm3_vii,Total population,numerical,direct_reporting
Transfer Amount and Size,% of HHs attributing the ability to pursue one of the above behaviors or activities on account of MPCA,Pay down household debt in part,,,,amm4_i,Households reporting to have paid debt in part,numerical,direct_reporting
Transfer Amount and Size,% of HHs attributing the ability to pursue one of the above behaviors or activities on account of MPCA,Pay down household debt in full,,,,amm4_ii,Households reporting to have paid debt in full,numerical,direct_reporting
Transfer Amount and Size,% of HHs attributing the ability to pursue one of the above behaviors or activities on account of MPCA,Not take on any new debts,,,,amm4_iii,Households reporting taking new debts,numerical,direct_reporting
Transfer Amount and Size,% of HHs attributing the ability to pursue one of the above behaviors or activities on account of MPCA,Replenish or start a savings (formal or informal),,,,amm4_iv,Households reporting replenishing or starting savings,numerical,direct_reporting
Transfer Amount and Size,% of HHs attributing the ability to pursue one of the above behaviors or activities on account of MPCA,Purchase/repair/replacement of at least one productive asset,,,,amm4_v,Households reporting purchasing/repairing/replacement of at least one productive asset,numerical,direct_reporting
Transfer Amount and Size,% of HHs attributing the ability to pursue one of the above behaviors or activities on account of MPCA,Establishment or strengthening of income-generating activities,,,,amm4_vi,Households reporting strengthening of income-generating activities,numerical,direct_reporting
Transfer Amount and Size,% of HHs attributing the ability to pursue one of the above behaviors or activities on account of MPCA,"Repair or replace a significant NFI (e.g. oven, heater, car, refrigerator)",,,,amm4_vii,Households reporting repairing and replacing a significant NFI,numerical,direct_reporting
Transfer Amount and Size,% of HHs attributing the ability to pursue one of the above behaviors or activities on account of MPCA,% of HHs attributing the ability to pursue one of the above behaviors or activities on account of MPCA,,,,amm4,All households reporting amm4_i to amm4_vii,numerical,direct_reporting
Transfer Timeliness and Accessibility,% of HHs reporting that cash distribution frequency was appropriate enough,% of HHs reporting that cash distribution frequency was appropriate enough,,,,access1,Total population,numerical,direct_reporting
Transfer Timeliness and Accessibility,% of HHs reporting primary reasons frequency of distributions were unaligned with household needs,"Most HH expenses were incurred at a more frequent basis (e.g. weekly, biweekly)",,,,access2_i,Houesholds reporting transfer was  partially aligned or misaligned ,numerical,direct_reporting
Transfer Timeliness and Accessibility,% of HHs reporting primary reasons frequency of distributions were unaligned with household needs,HHs prefer to receive smaller amounts (weekly),,,,access2_ii,Houesholds reporting transfer was  partially aligned or misaligned ,numerical,direct_reporting
Transfer Timeliness and Accessibility,% of HHs reporting primary reasons frequency of distributions were unaligned with household needs,HHs prefer to receive smaller amounts (bi-weekly),,,,access2_iii,Houesholds reporting transfer was  partially aligned or misaligned ,numerical,direct_reporting
Transfer Timeliness and Accessibility,% of HHs reporting that cash distribution timing was appropriate enough,% of HHs reporting that cash distribution timing was appropriate enough,,,,access3,Total population,numerical,direct_reporting
Elasticity and Durability During Shocks,% of HHs reporting their top three priorities following the May Escalation,Food,,,,escalation_priorities.food,Total population,numerical,direct_reporting
Elasticity and Durability During Shocks,% of HHs reporting their top three priorities following the May Escalation,Shelter (inc. seeking new shelter or rehabilitating),,,,escalation_priorities.shelter,Total population,numerical,direct_reporting
Elasticity and Durability During Shocks,% of HHs reporting their top three priorities following the May Escalation,Water,,,,escalation_priorities.water,Total population,numerical,direct_reporting
Elasticity and Durability During Shocks,% of HHs reporting their top three priorities following the May Escalation,Hygiene,,,,escalation_priorities.hygiene,Total population,numerical,direct_reporting
Elasticity and Durability During Shocks,% of HHs reporting their top three priorities following the May Escalation,Health,,,,escalation_priorities.health,Total population,numerical,direct_reporting
Elasticity and Durability During Shocks,% of HHs reporting their top three priorities following the May Escalation,Energy,,,,escalation_priorities.energy,Total population,numerical,direct_reporting
Elasticity and Durability During Shocks,% of HHs reporting their top three priorities following the May Escalation,Transportation,,,,escalation_priorities.transportation,Total population,numerical,direct_reporting
Elasticity and Durability During Shocks,% of HHs reporting their top three priorities following the May Escalation,Household items,,,,escalation_priorities.hh_items,Total population,numerical,direct_reporting
Elasticity and Durability During Shocks,% of HHs reporting their top three priorities following the May Escalation,Communication,,,,escalation_priorities.communication,Total population,numerical,direct_reporting
Elasticity and Durability During Shocks,% of HHs reporting their top three priorities following the May Escalation,Legal services,,,,escalation_priorities.legal_services,Total population,numerical,direct_reporting
Elasticity and Durability During Shocks,% of HHs reporting that MPCA supported in meeting HH needs following the May Escalation,% of HHs reporting that MPCA supported in meeting HH needs following the May Escalation,,,,shocks2,Total population,numerical,direct_reporting
Elasticity and Durability During Shocks,% of HHs reporting reason why MPCA did not help in meeting HH needs following the May Escalation,% of HHs reporting reason why MPCA did not help in meeting HH needs following the May Escalation,,,,shock3,Households reporting MPCA did not help during the escalation,numerical,direct_reporting
Elasticity and Durability During Shocks,% of HHs reporting reason why MPCA did not help in meeting HH needs following the May Escalation by reason,Value of distribution was insufficient,,,,shock3_i,Households reporting MPCA did not help during the escalation,numerical,direct_reporting
Elasticity and Durability During Shocks,% of HHs reporting reason why MPCA did not help in meeting HH needs following the May Escalation by reason,Could not access ATM because ATM was out of service,,,,shock3_ii,Households reporting MPCA did not help during the escalation,numerical,direct_reporting
Elasticity and Durability During Shocks,% of HHs reporting reason why MPCA did not help in meeting HH needs following the May Escalation by reason,Could not access ATM because could not physically travel (e.g. injury or damaged means of transport/infrastructure),,,,shock3_iii,Households reporting MPCA did not help during the escalation,numerical,direct_reporting
Elasticity and Durability During Shocks,% of HHs reporting reason why MPCA did not help in meeting HH needs following the May Escalation by reason,Could not access ATM because of insecurity,,,,shock3_iv,Households reporting MPCA did not help during the escalation,numerical,direct_reporting
Elasticity and Durability During Shocks,% of HHs reporting reason why MPCA did not help in meeting HH needs following the May Escalation by reason,Did not receive cash in a sufficiently timely manner,,,,shock3_v,Households reporting MPCA did not help during the escalation,numerical,direct_reporting
Elasticity and Durability During Shocks,% of HHs reporting reason why MPCA did not help in meeting HH needs following the May Escalation by reason,Cash was not the best modality to meet the need / was not applicable to the need,,,,shock3_vi,Households reporting MPCA did not help during the escalation,numerical,direct_reporting
Elasticity and Durability During Shocks,"% of households reporting experiencing at least one shock during the period they received MPCA, excluding the May Escalation","% of households reporting experiencing at least one shock during the period they received MPCA, excluding the May Escalation",,,,shock5,Total population,numerical,direct_reporting
Elasticity and Durability During Shocks,% of households by type of shock experienced during the MPCA period,Medical expenses or procedures,,,,type_of_shock.medical_expenses,Households that experienced shock,numerical,direct_reporting
Elasticity and Durability During Shocks,% of households by type of shock experienced during the MPCA period,Temporary or permanent loss of employment by at least one household member,,,,type_of_shock.loss_of_employment,Households that experienced shock,numerical,direct_reporting
Elasticity and Durability During Shocks,% of households by type of shock experienced during the MPCA period,Loss of inventory or produce,,,,type_of_shock.loss_of_inventory,Households that experienced shock,numerical,direct_reporting
Elasticity and Durability During Shocks,% of households by type of shock experienced during the MPCA period,"Arrival of new household members for an extended period of time (e.g. childbirth, relatives/friends staying with household)",,,,type_of_shock.new_hh_members,Households that experienced shock,numerical,direct_reporting
Elasticity and Durability During Shocks,% of households by type of shock experienced during the MPCA period,"Need to repair or replace significant household item (e.g. refrigerator, TV, car)",,,,type_of_shock.repair_hh_items,Households that experienced shock,numerical,direct_reporting
Elasticity and Durability During Shocks,% of households by type of shock experienced during the MPCA period,Need to repair or replace significant productive asset,,,,type_of_shock.repair_hh_productive_assets,Households that experienced shock,numerical,direct_reporting
Elasticity and Durability During Shocks,% of households by type of shock experienced during the MPCA period,Education expenses,,,,type_of_shock.education_expense,Households that experienced shock,numerical,direct_reporting
Elasticity and Durability During Shocks,% of households by type of shock experienced during the MPCA period,"Shelter expenses (e.g. rent, rehabilitation)",,,,type_of_shock.shelter_expense,Households that experienced shock,numerical,direct_reporting
Elasticity and Durability During Shocks,% of households by type of shock experienced during the MPCA period,Debt payment,,,,type_of_shock.debt_repayment,Households that experienced shock,numerical,direct_reporting
Elasticity and Durability During Shocks,% of household reporting effect of MPCA on ability to withstand shocks,shock of medical expenses,,,,shocks6_i,Households that experienced shock,numerical,direct_reporting
Elasticity and Durability During Shocks,% of household reporting effect of MPCA on ability to withstand shocks,shock of loss of income,,,,shocks6_ii,Households that experienced shock,numerical,direct_reporting
Elasticity and Durability During Shocks,% of household reporting effect of MPCA on ability to withstand shocks,shock of arrival of new household members,,,,shocks6_iv,Households that experienced shock,numerical,direct_reporting
Elasticity and Durability During Shocks,% of household reporting effect of MPCA on ability to withstand shocks,shock of need to repair or replace a household item,,,,shocks6_v,Households that experienced shock,numerical,direct_reporting
Elasticity and Durability During Shocks,% of household reporting effect of MPCA on ability to withstand shocks,shock of repairing a productive asset,,,,shocks6_vi,Households that experienced shock,numerical,direct_reporting
Elasticity and Durability During Shocks,% of household reporting effect of MPCA on ability to withstand shocks,shock of education expenses,,,,shocks6_vii,Households that experienced shock,numerical,direct_reporting
Elasticity and Durability During Shocks,% of household reporting effect of MPCA on ability to withstand shocks,shock of shelter expenses,,,,shocks6_viii,Households that experienced shock,numerical,direct_reporting
Elasticity and Durability During Shocks,% of household reporting effect of MPCA on ability to withstand shocks,shock of debt payment,,,,shocks6_ix,Households that experienced shock,numerical,direct_reporting
Elasticity and Durability During Shocks,% of household reporting effect of MPCA on ability to withstand shocks,% of household reporting effect of MPCA on ability to withstand shocks,,,,shocks6,Households that experienced shock,numerical,direct_reporting
Expenditure and impact,% of HHs by reported income sources,Salary from regular employment (private sector),,,,hh21_i,Total population,numerical,direct_reporting
Expenditure and impact,% of HHs by reported income sources,Salary from regular employment (public sector),,,,hh21_ii,Total population,numerical,direct_reporting
Expenditure and impact,% of HHs by reported income sources,Salary from regular employment (NGO/UN),,,,hh21_iii,Total population,numerical,direct_reporting
Expenditure and impact,% of HHs by reported income sources,"Temporary , seasonal, or daily wages",,,,hh21_iv,Total population,numerical,direct_reporting
Expenditure and impact,% of HHs by reported income sources,Own business,,,,hh21_v,Total population,numerical,direct_reporting
Expenditure and impact,% of HHs by reported income sources,Selling household assets,,,,hh21_vi,Total population,numerical,direct_reporting
Expenditure and impact,% of HHs by reported income sources,Retirement fund / pension,,,,hh21_vii,Total population,numerical,direct_reporting
Expenditure and impact,% of HHs by reported income sources,"Loans, debt (including store credit)",,,,hh21_viii,Total population,numerical,direct_reporting
Expenditure and impact,% of HHs by reported income sources,MoSD cash assistance,,,,hh21_ix,Total population,numerical,direct_reporting
Expenditure and impact,% of HHs by reported income sources,UNRWA cash assistance,,,,hh21_x,Total population,numerical,direct_reporting
Expenditure and impact,% of HHs by reported income sources,NGO cash assistance,,,,hh21_xi,Total population,numerical,direct_reporting
Expenditure and impact,% of HHs by reported income sources,Selling in-kind assistance,,,,hh21_xii,Total population,numerical,direct_reporting
Expenditure and impact,% of HHs by reported income sources,"Support from community, friends, or family",,,,hh21_xiii,Total population,numerical,direct_reporting
Expenditure and impact,% of HHs by reported income sources,Illegal or socially degrading activities,,,,hh21_xiv,Total population,numerical,direct_reporting
Expenditure and impact,% of HHs by reported income sources,Labor inside Israel,,,,hh21_xv,Total population,numerical,direct_reporting
Expenditure and impact,% of HHs by reported expenditures,Food,,,,hh22_i,Total population,numerical,direct_reporting
Expenditure and impact,% of HHs by reported expenditures,Clothing and shoes ,,,,hh22_ii,Total population,numerical,direct_reporting
Expenditure and impact,% of HHs by reported expenditures,housing,,,,hh22_iii,Total population,numerical,direct_reporting
Expenditure and impact,% of HHs by reported expenditures,home appliances ,,,,hh22_iv,Total population,numerical,direct_reporting
Expenditure and impact,% of HHs by reported expenditures,Debt repayment,,,,hh22_v,Total population,numerical,direct_reporting
Expenditure and impact,% of HHs by reported expenditures,house needs ,,,,hh22_vi,Total population,numerical,direct_reporting
Expenditure and impact,% of HHs by reported expenditures,health care ,,,,hh22_vii,Total population,numerical,direct_reporting
Expenditure and impact,% of HHs by reported expenditures,transportation,,,,hh22_viii,Total population,numerical,direct_reporting
Expenditure and impact,% of HHs by reported expenditures,communication,,,,hh22_ix,Total population,numerical,direct_reporting
Expenditure and impact,% of HHs by reported expenditures,cultural and recreational activities ,,,,hh22_x,Total population,numerical,direct_reporting
Expenditure and impact,% of HHs by reported expenditures,personal care ,,,,hh22_xi,Total population,numerical,direct_reporting
Expenditure and impact,% of HHs by reported expenditures,cigarettes and tobacco ,,,,hh22_xii,Total population,numerical,direct_reporting
Expenditure and impact,% of HHs by reported expenditures,"electricity including bells, fuels, repairs",,,,hh22_xiii,Total population,numerical,direct_reporting
Expenditure and impact,Average expenditure,Food,,,,hh23_i,Total population,numerical,direct_reporting
Expenditure and impact,Average expenditure,Clothing and shoes ,,,,hh23_ii,Total population,numerical,direct_reporting
Expenditure and impact,Average expenditure,housing,,,,hh23_iii,Total population,numerical,direct_reporting
Expenditure and impact,Average expenditure,home appliances ,,,,hh23_iv,Total population,numerical,direct_reporting
Expenditure and impact,Average expenditure,Debt repayment,,,,hh23_v,Total population,numerical,direct_reporting
Expenditure and impact,Average expenditure,house needs ,,,,hh23_vi,Total population,numerical,direct_reporting
Expenditure and impact,Average expenditure,health care ,,,,hh23_vii,Total population,numerical,direct_reporting
Expenditure and impact,Average expenditure,transportation,,,,hh23_viii,Total population,numerical,direct_reporting
Expenditure and impact,Average expenditure,communication,,,,hh23_ix,Total population,numerical,direct_reporting
Expenditure and impact,Average expenditure,cultural and recreational activities ,,,,hh23_x,Total population,numerical,direct_reporting
Expenditure and impact,Average expenditure,personal care ,,,,hh23_xi,Total population,numerical,direct_reporting
Expenditure and impact,Average expenditure,cigarettes and tobacco ,,,,hh23_xii,Total population,numerical,direct_reporting
Expenditure and impact,Average expenditure,"electricity including bells, fuels, repairs",,,,hh23_xiii,Total population,numerical,direct_reporting
Expenditure and impact,Average expenditure,total expense,,,,hh24,Total population,numerical,direct_reporting
Expenditure and impact,LCSI,selling_hh_properties,,,,hh25_i,Total population,numerical,direct_reporting
Expenditure and impact,LCSI,spent_savings,,,,hh25_ii,Total population,numerical,direct_reporting
Expenditure and impact,LCSI,buying_goods_on_credit,,,,hh25_iii,Total population,numerical,direct_reporting
Expenditure and impact,LCSI,hh_members_ate_eslewhere,,,,hh25_iv,Total population,numerical,direct_reporting
Expenditure and impact,LCSI,selling_productive_assets,,,,hh25_v,Total population,numerical,direct_reporting
Expenditure and impact,LCSI,withdrew_children_from_school,,,,hh25_vi,Total population,numerical,direct_reporting
Expenditure and impact,LCSI,school_drop_out,,,,hh25_vii,Total population,numerical,direct_reporting
Expenditure and impact,LCSI,reduced_health_expenses,,,,hh25_viii,Total population,numerical,direct_reporting
Expenditure and impact,LCSI,engaging_in_risky_behaviour,,,,hh25_ix,Total population,numerical,direct_reporting
Expenditure and impact,LCSI,sold_house_land,,,,hh25_x,Total population,numerical,direct_reporting
Expenditure and impact,LCSI,hh_migrated,,,,hh25_xi,Total population,numerical,direct_reporting
Expenditure and impact,% of households reporting how their financial situation compares to before receiving MPCA,Improved,,,,impact2_improved,Total population,numerical,direct_reporting
Expenditure and impact,% of households reporting how their financial situation compares to before receiving MPCA,Constant,,,,impact2_constant,Total population,numerical,direct_reporting
Expenditure and impact,% of households reporting how their financial situation compares to before receiving MPCA,Worsened,,,,impact2_worsened,Total population,numerical,direct_reporting
Expenditure and impact,% of households attributing their improved financial situation to My Choice ,% of households attributing their improved financial situation to My Choice ,,,,impact3,Houesholds reporting that their financial situation has improved.,numerical,direct_reporting
Expenditure and impact,% of households reporting how the mental state of household members compares to before receiving MPCA,Improved,,,,impact4_improved,Total population,numerical,direct_reporting
Expenditure and impact,% of households reporting how the mental state of household members compares to before receiving MPCA,Constant,,,,impact4_constant,Total population,numerical,direct_reporting
Expenditure and impact,% of households reporting how the mental state of household members compares to before receiving MPCA,Worsened,,,,impact4_worsened,Total population,numerical,direct_reporting
Expenditure and impact,% of households attributing their improved mental state to My Choice ,% of households attributing their improved mental state to My Choice ,,,,impact5,Households reporting their mental health has improved,numerical,direct_reporting
Expenditure and impact,Joint decision-making (e.g. more than one HH member) on household expenses,Increased,,,,p6_i_increased,Total population,numerical,direct_reporting
Expenditure and impact,Joint decision-making (e.g. more than one HH member) on household expenses,Constant,,,,p6_i_constant,Total population,numerical,direct_reporting
Expenditure and impact,Joint decision-making (e.g. more than one HH member) on household expenses,Decreased,,,,p6_i_decreased,Total population,numerical,direct_reporting
Expenditure and impact,Joint decision-making on whether to take loans,Increased,,,,p6_ii_increased,Total population,numerical,direct_reporting
Expenditure and impact,Joint decision-making on whether to take loans,Constant,,,,p6_ii_constant,Total population,numerical,direct_reporting
Expenditure and impact,Joint decision-making on whether to take loans,Decreased,,,,p6_ii_decreased,Total population,numerical,direct_reporting
Expenditure and impact,"Joint decision-making on responsibilities of household members (e.g. work, care of the elderly)",Increased,,,,p6_iii_increased,Total population,numerical,direct_reporting
Expenditure and impact,"Joint decision-making on responsibilities of household members (e.g. work, care of the elderly)",Constant,,,,p6_iii_constant,Total population,numerical,direct_reporting
Expenditure and impact,"Joint decision-making on responsibilities of household members (e.g. work, care of the elderly)",Decreased,,,,p6_iii_decreased,Total population,numerical,direct_reporting
Expenditure and impact,Disputes within household on how to spend money,Increased,,,,p6_iv_increased,Total population,numerical,direct_reporting
Expenditure and impact,Disputes within household on how to spend money,Constant,,,,p6_iv_constant,Total population,numerical,direct_reporting
Expenditure and impact,Disputes within household on how to spend money,Decreased,,,,p6_iv_decreased,Total population,numerical,direct_reporting
Expenditure and impact,Disputes with creditors,Increased,,,,p6_v_increased,Total population,numerical,direct_reporting
Expenditure and impact,Disputes with creditors,Constant,,,,p6_v_constant,Total population,numerical,direct_reporting
Expenditure and impact,Disputes with creditors,Decreased,,,,p6_v_decreased,Total population,numerical,direct_reporting
Expenditure and impact,% of households reporting an increase in household member dignity as a result of My Choice,% of households reporting an increase in household member dignity as a result of My Choice,,,,impact7,Total population,numerical,direct_reporting
Expenditure and impact,% of households reporting the manner in which household members' dignity has changed as a result of My Choice,Feel more empowered to provide for household,,,,change_dignity_mpca_how.empowered, Households reporting an increase in household member dignity as a result of My Choice,numerical,direct_reporting
Expenditure and impact,% of households reporting the manner in which household members' dignity has changed as a result of My Choice,Less reliance on others for food and non-food items,,,,change_dignity_mpca_how.less_reliance, Households reporting an increase in household member dignity as a result of My Choice,numerical,direct_reporting
Expenditure and impact,% of households reporting the manner in which household members' dignity has changed as a result of My Choice,Able to participate more easily in daily activities such as going to the market,,,,change_dignity_mpca_how.participate_easily, Households reporting an increase in household member dignity as a result of My Choice,numerical,direct_reporting
Expenditure and impact,% of households reporting the manner in which household members' dignity has changed as a result of My Choice,"Do not have to resort to negative coping mechanisms (e.g. asking for money, taking debt, decreasing expenses)",,,,change_dignity_mpca_how.no_negative_coping, Households reporting an increase in household member dignity as a result of My Choice,numerical,direct_reporting
Expenditure and impact,% of households reporting the manner in which household members' dignity has changed as a result of My Choice,Increased feeling of self-worth,,,,change_dignity_mpca_how.self_worth, Households reporting an increase in household member dignity as a result of My Choice,numerical,direct_reporting
Expenditure and impact,% of households reporting the manner in which household members' dignity has changed as a result of My Choice,Increased feeling of respect from others,,,,change_dignity_mpca_how.respect_from_others, Households reporting an increase in household member dignity as a result of My Choice,numerical,direct_reporting
Expenditure and impact,% of households reporting the manner in which household members' dignity has changed as a result of My Choice,Increased feeling of self-confidence,,,,change_dignity_mpca_how.self_confidence, Households reporting an increase in household member dignity as a result of My Choice,numerical,direct_reporting
Satisfaction and Unforeseen Challenges,% of households reporting changes with relatives as a result of receiving MPCA through My Choice,Improved,,,,s1_improved,Total population,numerical,direct_reporting
Satisfaction and Unforeseen Challenges,% of households reporting changes with relatives as a result of receiving MPCA through My Choice,Constant,,,,s1_constant,Total population,numerical,direct_reporting
Satisfaction and Unforeseen Challenges,% of households reporting changes with relatives as a result of receiving MPCA through My Choice,Worsened,,,,s1_worsened,Total population,numerical,direct_reporting
Satisfaction and Unforeseen Challenges,% of households reporting reasons relations with relatives have worsened by reason,Resentment that our household receives more assistance,,,,worse_relations_relatives_why.resentment,Households reporting that changes with relatives has worsen a result of receiving MPCA through My Choice,numerical,direct_reporting
Satisfaction and Unforeseen Challenges,% of households reporting reasons relations with relatives have worsened by reason,Anger over household's refusal to provide them with support or loan,,,,worse_relations_relatives_why.anger,Households reporting that changes with relatives has worsen a result of receiving MPCA through My Choice,numerical,direct_reporting
Satisfaction and Unforeseen Challenges,% of households reporting reasons relations with relatives have worsened by reason,Condescending attitude towards those who receive assistance,,,,worse_relations_relatives_why.condescending_attitude,Households reporting that changes with relatives has worsen a result of receiving MPCA through My Choice,numerical,direct_reporting
Satisfaction and Unforeseen Challenges,% of households reporting reasons relations with relatives have worsened by reason,Rumors about character of assistance or those who receive it,,,,worse_relations_relatives_why.rumors,Households reporting that changes with relatives has worsen a result of receiving MPCA through My Choice,numerical,direct_reporting
Satisfaction and Unforeseen Challenges,% of households reporting changes with other households or community members since receiving MPCA through My Choice,Improved,,,,s3_improved,Total population,numerical,direct_reporting
Satisfaction and Unforeseen Challenges,% of households reporting changes with other households or community members since receiving MPCA through My Choice,Constant,,,,s3_constant,Total population,numerical,direct_reporting
Satisfaction and Unforeseen Challenges,% of households reporting changes with other households or community members since receiving MPCA through My Choice,Worsened,,,,s3_worsened,Total population,numerical,direct_reporting
Satisfaction and Unforeseen Challenges,% of households reporting reasons relations with other households or community members have worsened by reason,Resentment that our household receives more assistance,,,,worse_relations_community_why.resentment,Households reporting that changes with relatives has worsen a result of receiving MPCA through My Choice,numerical,direct_reporting
Satisfaction and Unforeseen Challenges,% of households reporting reasons relations with other households or community members have worsened by reason,Anger over household's refusal to provide them with support or loan,,,,worse_relations_community_why.anger,Households reporting that changes with relatives has worsen a result of receiving MPCA through My Choice,numerical,direct_reporting
Satisfaction and Unforeseen Challenges,% of households reporting reasons relations with other households or community members have worsened by reason,Condescending attitude towards those who receive assistance,,,,worse_relations_community_why.condescending_attitude,Households reporting that changes with relatives has worsen a result of receiving MPCA through My Choice,numerical,direct_reporting
Satisfaction and Unforeseen Challenges,% of households reporting reasons relations with other households or community members have worsened by reason,Rumors about character of assistance or those who receive it,,,,worse_relations_community_why.rumors,Households reporting that changes with relatives has worsen a result of receiving MPCA through My Choice,numerical,direct_reporting
Satisfaction and Unforeseen Challenges,% of households who have incurred debts in the past 30 days,% of households who have incurred debts in the past 30 days,,,,s5,Total population,numerical,direct_reporting
Satisfaction and Unforeseen Challenges,% of households by source of incurred debt,Bank or financial institution,,,,source_debts.bank,Households incurring debts,numerical,direct_reporting
Satisfaction and Unforeseen Challenges,% of households by source of incurred debt,Microlender,,,,source_debts.microlender,Households incurring debts,numerical,direct_reporting
Satisfaction and Unforeseen Challenges,% of households by source of incurred debt,Savings and credit cooperative,,,,source_debts.savings,Households incurring debts,numerical,direct_reporting
Satisfaction and Unforeseen Challenges,% of households by source of incurred debt,Friends or family,,,,source_debts.friends,Households incurring debts,numerical,direct_reporting
Satisfaction and Unforeseen Challenges,% of households by source of incurred debt,Community member,,,,source_debts.community,Households incurring debts,numerical,direct_reporting
Satisfaction and Unforeseen Challenges,% of households by source of incurred debt,Shopkeepers or vendors,,,,source_debts.shopkeepers,Households incurring debts,numerical,direct_reporting
Satisfaction and Unforeseen Challenges,% of households by source of incurred debt,Employer,,,,source_debts.employer,Households incurring debts,numerical,direct_reporting
Satisfaction and Unforeseen Challenges,% of households by purpose debt was incurred,"Basic household goods (food, hygiene items, household items)",,,,debt_purpose.basic_hh_goods,Households incurring debts,numerical,direct_reporting
Satisfaction and Unforeseen Challenges,% of households by purpose debt was incurred,Basic household services / utilities,,,,debt_purpose.basic_hh_services,Households incurring debts,numerical,direct_reporting
Satisfaction and Unforeseen Challenges,% of households by purpose debt was incurred,Rent / housing payments,,,,debt_purpose.rent_repayment,Households incurring debts,numerical,direct_reporting
Satisfaction and Unforeseen Challenges,% of households by purpose debt was incurred,Buying productive assets,,,,debt_purpose.buying_productive_assets,Households incurring debts,numerical,direct_reporting
Satisfaction and Unforeseen Challenges,% of households by purpose debt was incurred,Business investment,,,,debt_purpose.business_investment,Households incurring debts,numerical,direct_reporting
Satisfaction and Unforeseen Challenges,% of households by purpose debt was incurred,Education,,,,debt_purpose.education,Households incurring debts,numerical,direct_reporting
Satisfaction and Unforeseen Challenges,% of households by purpose debt was incurred,Households assets,,,,debt_purpose.households_assets,Households incurring debts,numerical,direct_reporting
Satisfaction and Unforeseen Challenges,% of households by purpose debt was incurred,Buying land / housing,,,,debt_purpose.buying_land,Households incurring debts,numerical,direct_reporting
Satisfaction and Unforeseen Challenges,% of households by purpose debt was incurred,Household repair / reconstruction,,,,debt_purpose.hh_repair,Households incurring debts,numerical,direct_reporting
Satisfaction and Unforeseen Challenges,% of households by purpose debt was incurred,Repay existing debts,,,,debt_purpose.repayment_of_debt,Households incurring debts,numerical,direct_reporting
Satisfaction and Unforeseen Challenges,% of households by purpose debt was incurred,Weddings / marriages,,,,debt_purpose.weddings_marriages,Households incurring debts,numerical,direct_reporting
"Accountability, Responsiveness, and Complaint Response Mechanism(s)",% HHs with access/knowledge of complaint mechanisms ,% HHs with access/knowledge of complaint mechanisms ,,,,aap,Total population,numerical,direct_reporting
"Accountability, Responsiveness, and Complaint Response Mechanism(s)",% of HHs filing complaints,% of HHs filing complaints,,,,aap1,Total population,numerical,direct_reporting
"Accountability, Responsiveness, and Complaint Response Mechanism(s)",% of households reporting time to receive response to complaints,Less than a week,,,,aap2_i,Households filling complaints,numerical,direct_reporting
"Accountability, Responsiveness, and Complaint Response Mechanism(s)",% of households reporting time to receive response to complaints,One week,,,,aap2_ii,Households filling complaints,numerical,direct_reporting
"Accountability, Responsiveness, and Complaint Response Mechanism(s)",% of households reporting time to receive response to complaints,Two weeks,,,,aap2_iii,Households filling complaints,numerical,direct_reporting
"Accountability, Responsiveness, and Complaint Response Mechanism(s)",% of households reporting time to receive response to complaints,Three weeks or more,,,,aap2_iv,Households filling complaints,numerical,direct_reporting
"Accountability, Responsiveness, and Complaint Response Mechanism(s)",% of households reporting time to receive response to complaints,My complaint was not addressed,,,,aap2_v,Households filling complaints,numerical,direct_reporting
"Accountability, Responsiveness, and Complaint Response Mechanism(s)",% of HHs reporting satisfaction with resolution of complaints,satisfied,,,,aap3_satisfied,Households filling complaints,numerical,direct_reporting
"Accountability, Responsiveness, and Complaint Response Mechanism(s)",% of HHs reporting satisfaction with resolution of complaints,constant,,,,aap3_constant,Households filling complaints,numerical,direct_reporting
"Accountability, Responsiveness, and Complaint Response Mechanism(s)",% of HHs reporting satisfaction with resolution of complaints,dissatisfied,,,,aap3_dissatisfied,Households filling complaints,numerical,direct_reporting
"Accountability, Responsiveness, and Complaint Response Mechanism(s)",% of households by reason for dissatisfaction,Response was inadequate or insufficient,,,,reason_dissatisfaction_complaint.response_inadequate,Households filling complaints,numerical,direct_reporting
"Accountability, Responsiveness, and Complaint Response Mechanism(s)",% of households by reason for dissatisfaction,Response was not aligned with the complaint I filed,,,,reason_dissatisfaction_complaint.response_not_aligned,Households filling complaints,numerical,direct_reporting
"Accountability, Responsiveness, and Complaint Response Mechanism(s)",% of households by reason for dissatisfaction,Response took too long to be delivered,,,,reason_dissatisfaction_complaint.response_took_long,Households filling complaints,numerical,direct_reporting
"Accountability, Responsiveness, and Complaint Response Mechanism(s)",% of households by reason for dissatisfaction,Response was burdensome for me/my household (e.g. required significant time or interaction),,,,reason_dissatisfaction_complaint.response_was_burdensome,Households filling complaints,numerical,direct_reporting
"Accountability, Responsiveness, and Complaint Response Mechanism(s)",% of households by reason for dissatisfaction,Response made my situation worse,,,,reason_dissatisfaction_complaint.response_worsened_situation,Households filling complaints,numerical,direct_reporting
"Accountability, Responsiveness, and Complaint Response Mechanism(s)",% of households by reason for dissatisfaction,My complaint was not handled transparently,,,,reason_dissatisfaction_complaint.not_transparent,Households filling complaints,numerical,direct_reporting
"Accountability, Responsiveness, and Complaint Response Mechanism(s)",% of households by reason for dissatisfaction,My confidentiality was not preserved during the process,,,,reason_dissatisfaction_complaint.not_confidential,Households filling complaints,numerical,direct_reporting
"Accountability, Responsiveness, and Complaint Response Mechanism(s)",% of households by reason for dissatisfaction,Those who handled my complaint were rude/disrespectful,,,,reason_dissatisfaction_complaint.rude,Households filling complaints,numerical,direct_reporting
"Accountability, Responsiveness, and Complaint Response Mechanism(s)",% of HHs by reason for not filing a complaint,Did not have a complaint,,,,reason_not_use_complaint.not_have_complaint,Households not filling complaints,numerical,direct_reporting
"Accountability, Responsiveness, and Complaint Response Mechanism(s)",% of HHs by reason for not filing a complaint,Did not understand the procedures for filing complaints,,,,reason_not_use_complaint.not_understand_procedures,Households not filling complaints,numerical,direct_reporting
"Accountability, Responsiveness, and Complaint Response Mechanism(s)",% of HHs by reason for not filing a complaint,Was not confident my complaint would be handled confidentially,,,,reason_not_use_complaint.confidentiality,Households not filling complaints,numerical,direct_reporting
"Accountability, Responsiveness, and Complaint Response Mechanism(s)",% of HHs by reason for not filing a complaint,Was not confident my complaint would be handled transparently,,,,reason_not_use_complaint.transparency,Households not filling complaints,numerical,direct_reporting
"Accountability, Responsiveness, and Complaint Response Mechanism(s)",% of HHs by reason for not filing a complaint,Did not believe filing a complaint would make any difference,,,,reason_not_use_complaint.difference,Households not filling complaints,numerical,direct_reporting
"Accountability, Responsiveness, and Complaint Response Mechanism(s)",% of HHs by reason for not filing a complaint,Concerned about potential negative repercussions for filing complaints,,,,reason_not_use_complaint.negative_repercussions,Households not filling complaints,numerical,direct_reporting
"Accountability, Responsiveness, and Complaint Response Mechanism(s)",% of HHs by reason for not filing a complaint,Previous negative experience from filing complaints,,,,reason_not_use_complaint.previous_experience,Households not filling complaints,numerical,direct_reporting
"Accountability, Responsiveness, and Complaint Response Mechanism(s)",% of HHs by reason for not filing a complaint,Was dissuaded by household members,,,,reason_not_use_complaint.dissuaded_by_hh_members,Households not filling complaints,numerical,direct_reporting
"Accountability, Responsiveness, and Complaint Response Mechanism(s)",% of HHs by reason for not filing a complaint,Was dissuaded by community members,,,,reason_not_use_complaint.dissuaded_by_community_members,Households not filling complaints,numerical,direct_reporting
"Accountability, Responsiveness, and Complaint Response Mechanism(s)",% of households reporting type of humanitarian aid preferred in future distributions by type of aid,Cash,,,,preferred_assistance.cash,Total population,numerical,direct_reporting
"Accountability, Responsiveness, and Complaint Response Mechanism(s)",% of households reporting type of humanitarian aid preferred in future distributions by type of aid,Vouchers,,,,preferred_assistance.vouchers,Total population,numerical,direct_reporting
"Accountability, Responsiveness, and Complaint Response Mechanism(s)",% of households reporting type of humanitarian aid preferred in future distributions by type of aid,Combination of cash and vouchers,,,,preferred_assistance.cash_vouchers,Total population,numerical,direct_reporting
"Accountability, Responsiveness, and Complaint Response Mechanism(s)",% of households reporting type of humanitarian aid preferred in future distributions by type of aid,In-kind (Food),,,,preferred_assistance.in_kind_food,Total population,numerical,direct_reporting
"Accountability, Responsiveness, and Complaint Response Mechanism(s)",% of households reporting type of humanitarian aid preferred in future distributions by type of aid,In-kind (NFIs),,,,preferred_assistance.in_kind_nfi,Total population,numerical,direct_reporting
Transfer Amount and Size,% of HHs reporting that transfer amount has met their basic needs,% of HHs reporting that transfer amount has met their basic needs,,,,msi,Total population,numerical,direct_reporting
Elasticity and Durability During Shocks,% of HHs reporting their top three priorities following the May Escalation,% of HHs reporting their top three priorities following the May Escalation,,,,shock1,Total population,numerical,direct_reporting
Expenditure and impact,LCSI,LCSI,,,,hh25,Total population,numerical,direct_reporting
