type,name,label::English,label: Arabic,hint::English,hint::Arabic,required,relevant,choice_filter,constraint,constraint_message::English,constraint_message::Arabic,calculation,appearance,repeat_count,default,,,,,,,,,,,
start,start,,,,,,,,,,,,,,,,,,,,,,,,,
end,end,,,,,,,,,,,,,,,,,,,,,,,,,
today,date_assessment,,,,,,,,,,,,,,,,,,,,,,,,,
audit,audit,,,,,,,,,,,,,,,,,,,,,,,,,
deviceid,deviceid,,,,,,,,,,,,,,,,,,,,,,,,,
integer,enumerator_num,1. Please record your enumerator number,1. ?????? ????? ??? ???? ????????,To be filled in by enumerator,??? ??????? ?? ??? ??????,true,,,,,,,,,,,,,,,,,,,,
select_one refugee_status,refugee_status,2. Is this a household a refugee or non-refugee household?,  2. ?? ?? ?????? ????/ ??? ????,,,true,,,,,,,,,,,,,,,,,,,,
select_one yes_no,consent,"3. Hi my name is _____ and I work for a research team for project final evaluation contracted by NRC. We are currently conducting a survey to assess impact of the MPCA project implemented by GPC and WFP during the last 9 months and would like to ask you some questions about the project impact and to which degree it has been effective and satisfying to your needs. The survey will take about 30 minutes to complete. 
The information you provide will be used to inform partners and donors about future programming considering your voice and any suggestions/recommendations. Any information you provide will be kept strictly confidential and anonymous. 
You will not receive any benefits or services for completing the survey but we hope that you do participate as your views are very important to better inform the MPCA. 
The survey is voluntary and you can choose not to answer any question and/or quit at any point. The information you share with us will be accessible to the __________
Do you have any questions? Do you agree to participate in this survey?","3. ????? ???? ?? ...... ????? ??? ???? ??? ?????? ?????? ?? ?????? ???????? ???????? ????? ??? ???? ???? ????? ?????? ??? ????? ????????? ??????? ?????? ??????? ?????? ?????? ?????? ?????? ??????? ? ?????? ????? ??? ??????? ??????? ???? ?? 9 ???? ??????? ????? ??? ??? ??????? ?? ??? ??????? ???? ??????? ??????? ?????????? ???????? ????? ???? ????? ????? . ????????? ??? ?????? ??????? 30 ????? ???????? . ????????? ???? ????? ???????? ??? ?????? ?????? ??????? ????????? ??  ???????? ?????????? ???? ???? ???????? ????? ???? ???????? ??????? ?????. ????????? ???? ??? ???? ???????? ??? ??? ???? ????? ????. ??? ?? ????? ??? ????? ??  ????? ????? ?????? ???? ??????? ??? ??? ???? ?? ????? ??? ??? ?? ????? ???? ??? ?????. ??? ??????? ?????? ???????? ?????? ??? ??????? ?? ?? ???? ??  ?????? ??? ??? ????. ????????? ???? ??????? ???? ??? ??? ??? ???? ????? ?? ??? ??????? ?????? ??????? .?? ???? ??? ????? ? ?? ??? ????? ???????? ?? ??? ??????? ..........",,,true,,,.='yes',End survey if the respondent does not say yes,?????? ????? ????????? ??? ??? ?????? ?? ??? ????,,,,,,,,,,,,,,,
begin_group,hh_characteristics,Household characteristics,????? ??????,,,,"selected(${consent},'yes')",,,,,,,,,,,,,,,,,,,
select_one yes_no,mpca_assistance_gpc,"4. Did you receive MPCA from GPC through the My Choice program? Note to enumerator: My Choice was implemented between November 2020 and July 2021 and distributed cash assistance through Bank of Palestine visa cards of approximately 1,196 NIS",4. ?? ?????? ?????? ????? ?????? ??????? ?? ?????? ????? ??? (?????? ???????? ??????? ?????? ????? ???) ???? ????? ??????? ? ?????? ?????? : ????? ??????? ?? ?????? ??????? ????? ??????? 2020 ? ????? 2021 ??? ????? ???????? ??????? ?? ???? ????? ??? ?????? ??? ????? 1196 ???? ,,,true,"selected(${refugee_status}, 'refugee')",,,,,,,,,,,,,,,,,,,
note,mpca_assistance_gpc_no,If the respondent did not receive MPCA from GPC end the interview,"4.1 ??? ?? ????? ???????? ?????? ?? ?????? ????? ???? ??? ????? ????????",,,,"selected(${mpca_assistance_gpc}, 'no')",,,,,,,,,,,,,,,,,,,
select_one yes_no,mpca_assistance_wfp,"5. Did you receive MPCA from WFP through the My Choice program? Note to enumerator: My Choice was implemented between November 2020 and October 2021 and distributed cash assistance through Bank of Palestine visa cards of approximately 1,196 NIS",5. ?? ?????? ?????? ????? ?????? ??????? ?? ?????? ?????? ??????? ???? ????? ??????? ? ?????? ?????? : ????? ??????? ?? ?????? ??????? ????? ??????? 2020 ? ????? 2021 ??? ????? ???????? ??????? ?? ???? ????? ??? ?????? ??? ????? 1196 ???? ,,,true,"selected(${refugee_status}, 'non_refugee')",,,,,,,,,,,,,,,,,,,
note,mpca_assistance_wfp_no,If the respondent did not receive MPCA from WFP end the interview,"5.1 ??? ?? ????? ???????? ?????? ?? ?????? ?????? ???????? ??? ????? ????????",,,,"selected(${mpca_assistance_wfp}, 'no')",,,,,,,,,,,,,,,,,,,
select_one yes_no,hhh,6. Are you the head of household?,6. ?? ??? ?? ???????,"A household is a group of people who regularly share meals, income, and expenditures together. Members must acknowledge the authority of one person as head of household and that person must actually live with the rest of the household members. In polygamous households, each wife is treated as a distinct household when the wives live in different houses, cook separately and take decisions independently.","??????? ????? ?? ?????? ?? ??????? ????? ??????? ??????? ????? ?????? ?????? ???????? ????. ??? ?? ??? ??????? ????? ??? ???? ????? ?? ?????? ???? ?? ???? ??? ????? ?????? ?? ???? ????? ??????. ?? ????? ?????? ??????? ? ????? ?? ???? ??? ???? ???? ?????? ????? ???? ??????? ?? ????? ?????? ? ????? ???? ????? ????? ???????? ???? ?????.",true,,,,,,,,,,,,,,,,,,,,
select_one yes_no,will_to_response,6.1 Are you willing and able to respond to the questions on behalf of the household?,"6.1 ??? ??? ?? ????????? ?? ???? ?? ??????? ????? ?? ??????",,,true,"selected(${hhh}, 'no')",,.='yes',End survey if the person is not willing respond on behalf or his/her household,?????? ????? ????????? ??? ??? ?????? ?? ???? ??????,,,,,,,,,,,,,,,
select_one relationship,relationship,6.2 What is your relation to the head of household?,6.2 ?? ?? ?????? ??? ???????,,,true,"selected(${will_to_response}, 'yes')",,,,,,,,,,,,,,,,,,,
integer,age_respondent_r,7. What is your age?,7. ?? ?????,,,true,,,.> 17 and .< 120,Age cannot be below 18 and above 120,?? ???? ?? ???? ????? ??? ?? ??18 ???? ??120 ???,,,,,,,,,,,,,,,
select_one sex,gender_respondent_r,8. Respondent's sex,8. ????? ?,,,true,,,,,,,,,,,,,,,,,,,,
select_one sex,sex_head_hh,9. What is the sex of the head of household?,9. ?? ?? ??? ?? ???????,,,true,"selected(${hhh}, 'no')",,,,,,,,,,,,,,,,,,,
integer,household_size_1,10. What is the total number of household members?,10. ???? ???? ????? ?????? ???????,,,true,,,,,,,,,,,,,,,,,,,,
begin_group,household_size,Household Size by group,??? ?????? ??? ????????,,,,,,,,,,field-list,,,,,,,,,,,,,
note,household_size_2,"1.11 How many people are there in your household (including yourself), by age and sex?","11 ?? ??? ??????? ?? ????? (??? ?? ??? ???)? ??? ????? ???????",Enter 999 in case the respondent does not know,,,,,,,,,,,,,,,,,,,,,,
integer,hh_size_boys_0_4,1.11.1 Boys 0-4,11.1 ???? 0-4,,,true,,,,,,,,,0,,,,,,,,,,,
integer,hh_size_girls_0_4,1.11.2 Girls 0-4,11.2 ???? 0-4,,,true,,,,,,,,,0,,,,,,,,,,,
integer,hh_size_boys_5_10,1.11.3 Boys 5-10,11.3 ???? 5-10,,,true,,,,,,,,,0,,,,,,,,,,,
integer,hh_size_girls_5_10,1.11.4 Girls 5-10,11.4 ???? 5-10,,,true,,,,,,,,,0,,,,,,,,,,,
integer,hh_size_boys_11_15,1.11.5 Boys 11-15,11.5 ???? 11-15,,,true,,,,,,,,,0,,,,,,,,,,,
integer,hh_size_girls_11_15,1.11.6 Girls 11-15,11.6 ???? 11-15,,,true,,,,,,,,,0,,,,,,,,,,,
integer,hh_size_boys_16_17,1.11.7 Boys 16-17,11.7 ???? 16-17,,,true,,,,,,,,,0,,,,,,,,,,,
integer,hh_size_girls_16_17,1.11.8 Girls 16-17,11.8 ???? 16-17,,,true,,,,,,,,,0,,,,,,,,,,,
integer,hh_size_women_18_29,1.11.9 Women 18-29,11.9 ?????? 18 - 29,,,true,,,,,,,,,0,,,,,,,,,,,
integer,hh_size_men_18_29,1.11.10 Men 18-29,11.10 ?????? 18-29,,,true,,,,,,,,,0,,,,,,,,,,,
integer,hh_size_women_30_64,1.11.11 Women 30-64,11.11 ?????? 30-64,,,true,,,,,,,,,0,,,,,,,,,,,
integer,hh_size_men_30_64,1.11.12 Men 30-64,11.12 ?????? 30-64,,,true,,,,,,,,,0,,,,,,,,,,,
integer,hh_size_women_65,1.11.13 Women 65+,11.13 ?????? +65,,,true,,,,,,,,,0,,,,,,,,,,,
integer,hh_size_men_65,1.11.14 Men 65+,11.14 ?????? +65,,,true,,,,,,,,,0,,,,,,,,,,,
end_group,household_size,,,,,,,,,,,,,,,,,,,,,,,,,
calculate,tot_female,,,,,,,,,,,sum(${hh_size_girls_0_4})+sum(${hh_size_girls_5_10})+sum(${hh_size_girls_11_15})+sum(${hh_size_girls_16_17})+sum(${hh_size_women_30_64})+sum(${hh_size_women_65})+sum(${hh_size_women_18_29}),,,,,,,,,,,,,,
calculate,tot_male,,,,,,,,,,,sum(${hh_size_boys_0_4})+sum(${hh_size_boys_5_10})+sum(${hh_size_boys_11_15})+sum(${hh_size_boys_16_17})+sum(${hh_size_men_30_64})+sum(${hh_size_men_65})+sum(${hh_size_men_18_29}),,,,,,,,,,,,,,
calculate,tot_boys,,,,,,,,,,,sum(${hh_size_boys_0_4})+sum(${hh_size_boys_5_10})+sum(${hh_size_boys_11_15})+sum(${hh_size_boys_16_17}),,,,,,,,,,,,,,
calculate,tot_girls,,,,,,,,,,,sum(${hh_size_girls_0_4})+sum(${hh_size_girls_5_10})+sum(${hh_size_girls_11_15})+sum(${hh_size_girls_16_17}),,,,,,,,,,,,,,
calculate,girls_0_5,,,,,,,,,,,sum(${hh_size_girls_0_4}),,,,,,,,,,,,,,
calculate,boys_0_5,,,,,,,,,,,sum(${hh_size_boys_0_4}),,,,,,,,,,,,,,
calculate,girls_6_17,,,,,,,,,,,sum(${hh_size_girls_5_10})+sum(${hh_size_girls_11_15})+sum(${hh_size_girls_16_17}),,,,,,,,,,,,,,
calculate,boys_6_17,,,,,,,,,,,sum(${hh_size_boys_5_10})+sum(${hh_size_boys_11_15})+sum(${hh_size_boys_16_17}),,,,,,,,,,,,,,
calculate,girls_11_17,,,,,,,,,,,sum(${hh_size_girls_11_15})+sum(${hh_size_girls_16_17}),,,,,,,,,,,,,,
calculate,boys_11_17,,,,,,,,,,,sum(${hh_size_boys_11_15})+sum(${hh_size_boys_16_17}),,,,,,,,,,,,,,
calculate,tot_adults,,,,,,,,,,,sum(${hh_size_women_18_29})+sum(${hh_size_men_18_29})+sum(${hh_size_women_30_64})+sum(${hh_size_men_30_64})+sum(${hh_size_women_65})+sum(${hh_size_men_65}),,,,,,,,,,,,,,
calculate,tot_children,,,,,,,,,,,sum(${hh_size_boys_0_4})+sum(${hh_size_girls_0_4})+sum(${hh_size_boys_5_10})+sum(${hh_size_boys_11_15})+sum(${hh_size_boys_16_17})+sum(${hh_size_girls_5_10})+sum(${hh_size_girls_11_15})+sum(${hh_size_girls_16_17}),,,,,,,,,,,,,,
calculate,tot_children_school,,,,,,,,,,,sum(${hh_size_boys_5_10})+sum(${hh_size_boys_11_15})+sum(${hh_size_boys_16_17})+sum(${hh_size_girls_5_10})+sum(${hh_size_girls_11_15})+sum(${hh_size_girls_16_17}),,,,,,,,,,,,,,
calculate,hh_size,,,,,,,,,,,sum(${tot_male})+sum(${tot_female}),,,,,,,,,,,,,,
note,calc_note,"Total number of household members: ${hh_size}
Total female household members: ${tot_female}
Total male household members: ${tot_male}
Total adults: ${tot_adults}
Total children: ${tot_children}","????? ??? ????? ?????? ${hh_size}
 ????? ??? ????? ?????? ?????? ${tot_female}
 ????? ??? ????? ?????? ?????? ${tot_male}
 ????? ??????? (0-18) ${tot_boys}
 ????? ?????? (0-18) ${tot_girls}",,,,,,,,,,,,,,,,,,,,,,,
select_one yndp,preg_lact,12. Is any member of your household pregnant or lactating?,12. ?? ??? ????? ????? ???? ?? ?????,,,true,,,,,,,,,,,,,,,,,,,,
select_one yndp,chronic_disease,"13. Does any member of your household have a chronic illness (e.g. heart disease, hypertension, blood disease, cancer, lung disease, diabetes, renal diseases)?","13. ?? ????? ?? ??? ?? ????? ????? ?? ??? ???? (??? ????? ?????? ?????? ??? ????? ????? ??????????? ????? ?????? ??????? ????? ????? )?",,,true,,,,,,,,,,,,,,,,,,,,
select_one yndp,pwd,Are there family members with special needs?,14. ?? ???? ????? ?? ?????? ?? ??? ?????????? ???????,,,true,,,,,,,,,,,,,,,,,,,,
integer,adult_employment_num,"14. In the last 30 days, how many family members 18 years or older were employed in any capacity (meaning they labored inside or outside the home and received compensation in the form of cash or in-kind services)?"," 15???? ??30 ??? ??????? ? ?? ??? ????? ????? ???? 18 ??? ?? ???? ????? ????? ???? ?? ?? ?? ???? ( ????? ???? ????? ???? ?? ???? ????? ???????? ????? ??? ???? ???? ?? ???? ????? ?????)",,,true,,,.=0 or.<=${tot_adults},,,,,,,,,,,,,,,,,
integer,child_employment_num,"15. In the last 30 days, how many family members 17 years or younger were employed in any capacity (meaning they labored inside or outside the home and received compensation in the form of cash or in-kind services)?","16???? ??30 ??? ??????? ? ?? ??? ????? ????? ???? 17 ??? ?? ???? ????? ????? ???? ?? ?? ?? ???? ( ????? ???? ????? ???? ?? ???? ????? ???????? ????? ??? ???? ???? ?? ???? ????? ?????)",,,true,,,.=0 or.<=${tot_children},,,,,,,,,,,,,,,,,
select_one yndp,displaced_escalation,"16. During the May Escalation, was your household (or the majority of household members) displaced at any point? (Meaning you / they left your / their primary residence for at least one 24-hour period because of violence or the threat of violence connected to the Escalation)?","17????  ??????? ? ??? ???? ? ?? ????? (?? ???? ????? ??????)  ?????  ( ????? ??? / ?? ?????? ???? ??????? ??????? ????? ??? ????? 24 ???? ???? ?????  ?? ????? ?????  ??????? ???? ???????)",,,true,,,,,,,,,,,,,,,,,,,,
select_one shelter_type,shelter_type,"17. During the past twelve months, what was your household's primary shelter?","18???? ??12 ??? ????????  ???? ??? ?????? ??????? ?????? ?",,,true,,,,,,,,,,,,,,,,,,,,
text,shelter_type_other,"17.1 If other, please specify","18.1 ??? ????? ???? ???????",,,true,"selected(${shelter_type},'other')",,,,,,,,,,,,,,,,,,,
select_one occupancy_status,occupancy_arrangement,"18. During the past twelve months, which best describes the tenure arrangement for your household's primary shelter?","19. ???? ??12 ??? ????????  ???? ??? ??????? ?????? ??????? ?????? ? ",,,true,,,,,,,,,,,,,,,,,,,,
text,occupancy_status_other,"18.1 If other, please specify","19.1 ??? ????? ???? ???????",,,true,"selected(${occupancy_arrangement},'other')",,,,,,,,,,,,,,,,,,,
select_one yndp,fear_eviction,19. Do you believe your household is currently at risk of eviction?,20. ?? ????? ?? ????? ????? ????? ???? ????????,,,true,,,,,,,,,,,,,,,,,,,,
select_multiple eviction,fear_eviction_why,19.1 What are the primary reasons you fear the eviction of your household?,20.1 ???? ??????? ???????? ???? ????? ???? ?? ????? ???????,,,true,"selected(${fear_eviction}, 'yes')",,,,,,,,,,,,,,,,,,,
text,fear_eviction_other,"19.2 If other, please specify","20.2 ??? ????? ???? ???????",,,true,"selected(${fear_eviction_why}, 'other')",,,,,,,,,,,,,,,,,,,
select_one yes_no,receive_other_assistance,"20. While you were receiving MPCA through the My Choice program, did you receive assistance from any other sources? Note to enumerator: My Choice was implemented between November 2020 and July 2021 and distributed cash assistance through Bank of Palestine visa cards of approximately 1,196 NIS","21. ????? ?? ???????  ???????? ??????? ?????? ??????? ?? ???? ????? ??????? ? ?? ????? ??????  ?? ????? ????? ?????? ??????: ?????? ?????? : ????? ??????? ?? ?????? ??????? ????? ??????? 2020 ? ????? 2021 ??? ????? ???????? ??????? ?? ???? ????? ??? ?????? ??? ????? 1196 ????",,,true,,,,,,,,,,,,,,,,,,,,
select_one assistance,receive_other_assistance_which,20.1 What was this assistance?,21.1 ???? ??? ?????????,,,true,"selected(${receive_other_assistance},'yes')",,,,,,,,,,,,,,,,,,,
text,assistance_other,"20.1.1 If other, please specify","21.1.1 ??? ????? ???? ???????",,,true,"selected(${receive_other_assistance_which}, 'other')",,,,,,,,,,,,,,,,,,,
begin_group,transfer_size,Transfer Size and Amount,???? ???? ?????? ???????,,,,"selected(${consent},'yes')",,,,,,,,,,,,,,,,,,,
begin_group,transfer_amount,Transfer Amount and Size,???? ???? ?????? ???????,,,,,,,,,,field-list,,,,,,,,,,,,,
note,ability_to_meet_needs,"Presently, how would you describe your ability to meet the following needs? (Note to enumerator: The most recent My Choice distribution was in July 2021)","22. ?????? ??? ??? ????? ??? ????? ?????????? ???????? (?????? ??????: ??? ???? ????? ?? ??????? ???? ??? ????? 2021)",,,,,,,,,,,,,,,,,,,,,,,
select_one needs_status,cash,Cash/income,22.1 ?????/ ????? ,,,true,,,,,,,,,,,,,,,,,,,,
select_multiple barriers,cash_barriers,What are the primary barriers to meeting cash needs?,22.1.1 ?? ?? ??????? ???????? ?? ????? ???????? ????????,,,true,"selected(${cash},'completely_unable') or selected(${cash},'partially_able')",,"not(selected(.,‘don_t_know’) and count-selected(.) >1) and not(selected(., ‘prefer_not_to_answer’) and count-selected(.) >1)","Cannot select ""Don't Know"" or ""Prefer Not To Answer"" with any other option","?? ???? ????? ""?? ????"" ?? ""???? ??? ???????"" ?? ?? ???? ???",,,,,,,,,,,,,,,
text,cash_barriers_other,"If other, please specify","22.1.2 ??? ????? ???? ???????",,,true,"selected(${cash_barriers}, 'other')",,,,,,,,,,,,,,,,,,,
select_one needs_status,food,Food, 22.2 ??????,,,true,,,,,,,,,,,,,,,,,,,,
select_multiple barriers,food_barriers,What are the primary barriers to meeting food needs?,22.2.1 ?? ?? ??????? ???????? ?? ????? ???????? ?????????,,,true,"selected(${food},'completely_unable') or selected(${food},'partially_able')",,"not(selected(.,‘don_t_know’) and count-selected(.) >1) and not(selected(., ‘prefer_not_to_answer’) and count-selected(.) >1)","Cannot select ""Don't Know"" or ""Prefer Not To Answer"" with any other option","?? ???? ????? ""?? ????"" ?? ""???? ??? ???????"" ?? ?? ???? ???",,,,,,,,,,,,,,,
text,food_barriers_other,"If other, please specify"," 22.2.2 ??? ????? ???? ???????",,,true,"selected(${food_barriers}, 'other')",,,,,,,,,,,,,,,,,,,
select_one needs_status,shelter,Shelter,22.3 ??????,,,true,,,,,,,,,,,,,,,,,,,,
select_multiple barriers,shelter_barriers,What are the primary barriers to meeting shelter needs?,22.3.1 ?? ?? ??????? ???????? ?? ????? ??????? ???????,,,true,"selected(${shelter},'completely_unable') or selected(${shelter},'partially_able')",,"not(selected(.,‘don_t_know’) and count-selected(.) >1) and not(selected(., ‘prefer_not_to_answer’) and count-selected(.) >1)","Cannot select ""Don't Know"" or ""Prefer Not To Answer"" with any other option","?? ???? ????? ""?? ????"" ?? ""???? ??? ???????"" ?? ?? ???? ???",,,,,,,,,,,,,,,
text,shelter_barriers_other,"If other, please specify"," 22.3.2 ??? ????? ???? ???????",,,true,"selected(${shelter_barriers}, 'other')",,,,,,,,,,,,,,,,,,,
select_one needs_status,water,Water,22.4 ??????,,,true,,,,,,,,,,,,,,,,,,,,
select_multiple barriers,water_barriers,What are the primary barriers to meeting water needs?,22.4.1 ?? ?? ??????? ???????? ?? ????? ??????? ???????,,,true,"selected(${water},'completely_unable') or selected(${water},'partially_able')",,"not(selected(.,‘don_t_know’) and count-selected(.) >1) and not(selected(., ‘prefer_not_to_answer’) and count-selected(.) >1)","Cannot select ""Don't Know"" or ""Prefer Not To Answer"" with any other option","?? ???? ????? ""?? ????"" ?? ""???? ??? ???????"" ?? ?? ???? ???",,,,,,,,,,,,,,,
text,water_barriers_other,"If other, please specify","22.4.2  ??? ????? ???? ???????",,,true,"selected(${water_barriers}, 'other')",,,,,,,,,,,,,,,,,,,
select_one needs_status,hygiene,Hygiene,22.5 ???????,,,true,,,,,,,,,,,,,,,,,,,,
select_multiple barriers,hygiene_barriers,What are the primary barriers to meeting hygiene needs?,22.5.1 ?? ?? ??????? ???????? ?? ????? ??????? ????????,,,true,"selected(${hygiene},'completely_unable') or selected(${hygiene},'partially_able')",,"not(selected(.,‘don_t_know’) and count-selected(.) >1) and not(selected(., ‘prefer_not_to_answer’) and count-selected(.) >1)","Cannot select ""Don't Know"" or ""Prefer Not To Answer"" with any other option","?? ???? ????? ""?? ????"" ?? ""???? ??? ???????"" ?? ?? ???? ???",,,,,,,,,,,,,,,
text,hygiene_barriers_other,"If other, please specify","22.5.2  ??? ????? ???? ???????",,,true,"selected(${hygiene_barriers}, 'other')",,,,,,,,,,,,,,,,,,,
select_one needs_status,health,Health,22.6 ?????,,,true,,,,,,,,,,,,,,,,,,,,
select_multiple barriers,health_barriers,What are the primary barriers to meeting health needs?,22.6.1 ?? ?? ??????? ???????? ?? ????? ??????? ??????,,,true,"selected(${health},'completely_unable') or selected(${health},'partially_able')",,"not(selected(.,‘don_t_know’) and count-selected(.) >1) and not(selected(., ‘prefer_not_to_answer’) and count-selected(.) >1)","Cannot select ""Don't Know"" or ""Prefer Not To Answer"" with any other option","?? ???? ????? ""?? ????"" ?? ""???? ??? ???????"" ?? ?? ???? ???",,,,,,,,,,,,,,,
text,health_barriers_other,"If other, please specify","22.6.2  ??? ????? ???? ???????",,,true,"selected(${health_barriers}, 'other')",,,,,,,,,,,,,,,,,,,
select_one needs_status,education,Education,22.7 ???????,,,true,,,,,,,,,,,,,,,,,,,,
select_multiple barriers,edu_barriers,What are the primary barriers to meeting education needs?,22.7.1 ?? ?? ??????? ???????? ?? ????? ??????? ????????,,,true,"selected(${education},'completely_unable') or selected(${education},'partially_able')",,"not(selected(.,‘don_t_know’) and count-selected(.) >1) and not(selected(., ‘prefer_not_to_answer’) and count-selected(.) >1)","Cannot select ""Don't Know"" or ""Prefer Not To Answer"" with any other option","?? ???? ????? ""?? ????"" ?? ""???? ??? ???????"" ?? ?? ???? ???",,,,,,,,,,,,,,,
text,edu_barriers_other,"If other, please specify","22.7.2  ??? ????? ???? ???????",,,true,"selected(${edu_barriers}, 'other')",,,,,,,,,,,,,,,,,,,
select_one needs_status,energy,Energy,22.8 ??????,,,true,,,,,,,,,,,,,,,,,,,,
select_multiple barriers,energy_barriers,What are the primary barriers to meeting energy needs?,22.8.1 ?? ?? ??????? ???????? ?? ????? ??????? ??????/?????????,,,true,"selected(${energy},'completely_unable') or selected(${energy},'partially_able')",,"not(selected(.,‘don_t_know’) and count-selected(.) >1) and not(selected(., ‘prefer_not_to_answer’) and count-selected(.) >1)","Cannot select ""Don't Know"" or ""Prefer Not To Answer"" with any other option","?? ???? ????? ""?? ????"" ?? ""???? ??? ???????"" ?? ?? ???? ???",,,,,,,,,,,,,,,
text,energy_barriers_other,"If other, please specify","22.8.2 ??? ????? ???? ???????",,,true,"selected(${energy_barriers}, 'other')",,,,,,,,,,,,,,,,,,,
select_one needs_status,transportation,Transportation,22.9 ?????????,,,true,,,,,,,,,,,,,,,,,,,,
select_multiple barriers,transportation_barriers,What are the primary barriers to meeting transportation needs?,22.9.1 ?? ?? ??????? ???????? ?? ????? ??????? ??????????,,,true,"selected(${transportation},'completely_unable') or selected(${transportation},'partially_able')",,"not(selected(.,‘don_t_know’) and count-selected(.) >1) and not(selected(., ‘prefer_not_to_answer’) and count-selected(.) >1)","Cannot select ""Don't Know"" or ""Prefer Not To Answer"" with any other option","?? ???? ????? ""?? ????"" ?? ""???? ??? ???????"" ?? ?? ???? ???",,,,,,,,,,,,,,,
text,transportation_barriers_other,"If other, please specify","22.9.2 ??? ????? ???? ???????",,,true,"selected(${transportation_barriers}, 'other')",,,,,,,,,,,,,,,,,,,
select_one needs_status,hh_items,Household items,22.10 ??????? ????????,,,true,,,,,,,,,,,,,,,,,,,,
select_multiple barriers,hh_items_barriers,What are the primary barriers to meeting household item needs?,22.10.1 ?? ?? ??????? ???????? ?? ????? ??????? ??????? ?????????,,,true,"selected(${hh_items},'completely_unable') or selected(${hh_items},'partially_able')",,"not(selected(.,‘don_t_know’) and count-selected(.) >1) and not(selected(., ‘prefer_not_to_answer’) and count-selected(.) >1)","Cannot select ""Don't Know"" or ""Prefer Not To Answer"" with any other option","?? ???? ????? ""?? ????"" ?? ""???? ??? ???????"" ?? ?? ???? ???",,,,,,,,,,,,,,,
text,hh_items_barriers_other,"If other, please specify","22.10.2 ??? ????? ???? ???????",,,true,"selected(${hh_items_barriers}, 'other')",,,,,,,,,,,,,,,,,,,
select_one needs_status,communication,"Communication (mobiles, phones, Internet)","22.11 ?????????( ?????? ??????? ??????)",,,true,,,,,,,,,,,,,,,,,,,,
select_multiple barriers,comms_barriers,What are the primary barriers to meeting communication needs?,22.1.1 ?? ?? ??????? ???????? ?? ????? ??????? ??????????,,,true,"selected(${communication},'completely_unable') or selected(${communication},'partially_able')",,"not(selected(.,‘don_t_know’) and count-selected(.) >1) and not(selected(., ‘prefer_not_to_answer’) and count-selected(.) >1)","Cannot select ""Don't Know"" or ""Prefer Not To Answer"" with any other option","?? ???? ????? ""?? ????"" ?? ""???? ??? ???????"" ?? ?? ???? ???",,,,,,,,,,,,,,,
text,comms_barriers_other,"If other, please specify","22.11.2 ??? ????? ???? ???????",,,true,"selected(${comms_barriers}, 'other')",,,,,,,,,,,,,,,,,,,
select_one needs_status,debt,Debt services,22.12 ?????? ,,,true,,,,,,,,,,,,,,,,,,,,
select_multiple barriers,debt_barriers,What are the primary barriers to meeting debt needs?,22.12.1 ?? ?? ??????? ???????? ?? ????????????,,,true,"selected(${debt},'completely_unable') or selected(${debt},'partially_able')",,"not(selected(.,‘don_t_know’) and count-selected(.) >1) and not(selected(., ‘prefer_not_to_answer’) and count-selected(.) >1)","Cannot select ""Don't Know"" or ""Prefer Not To Answer"" with any other option","?? ???? ????? ""?? ????"" ?? ""???? ??? ???????"" ?? ?? ???? ???",,,,,,,,,,,,,,,
text,debt_barriers_other,"If other, please specify","22.12.2 ??? ????? ???? ???????",,,true,"selected(${debt_barriers}, 'other')",,,,,,,,,,,,,,,,,,,
end_group,transfer_amount,,,,,,,,,,,,,,,,,,,,,,,,,
begin_group,mpca_behaviors,MPCA Behaviors,??????? MPCA  ,,,,,,,,,,field-list,,,,,,,,,,,,,
note,behaviors_mpca_period,"26. Please tell me if, during the period you received MPCA through My Choice, you were able to do any of the following?","23. ?????? ??? ??? ? ???? ???? ?????? ???????? ??????? ?????? ??????? ?? ???? ????? ??????? ?  ?? ??? ???? ???  ?????? ??? ??? ??? ?",,,,,,,,,,,,,,,,,,,,,,,
select_one ynndp,pay_debt_partly,Pay down household debt in part,23.1 ???? ??? ?? ???? ?????? ,,,true,,,,,,,,,,,,,,,,,,,,
select_one behaviors,pay_debt_partly_result,To what extent do you attribute your household's ability to pay down household debt to the MPCA you received through the My Choice program?,23.1.1 ??? ?? ??? ???? ???? ????? ??? ???? ??? ?? ??????  ??? ???????? ??????? ?????? ??????? ???? ??????? ?? ???? ?????? ???????? ,,,true,"selected(${pay_debt_partly}, 'yes')",,,,,,,,,,,,,,,,,,,
select_one ynndp,pay_debt_full,Pay down household debt in full,23.2 ???? ???? ?????? ???????,,,true,,,,,,,,,,,,,,,,,,,,
select_one behaviors,pay_debt_full_result,To what extent do you attribute your household's ability to pay down household debt to the MPCA you received through the My Choice program?,23.2.1 ??? ?? ??? ???? ???? ????? ??? ???? ???? ??????  ??? ???????? ??????? ?????? ??????? ???? ??????? ?? ???? ?????? ???????? ,,,true,"selected(${pay_debt_full}, 'yes')",,,,,,,,,,,,,,,,,,,
select_one ynndp,no_new_debt,Not take on any new debts,23.3 ?? ????? ?? ???? ?????,,,true,,,,,,,,,,,,,,,,,,,,
select_one behaviors,no_new_debt_result,To what extent do you attribute your household's ability to not take on any new debts to the MPCA you received through the My Choice program?,23.3.1 ??? ?? ??? ???? ???? ????? ??? ??? ???? ?? ???? ????? ??? ???????? ??????? ?????? ??????? ???? ??????? ?? ???? ??????  ????????,,,true,"selected(${no_new_debt}, 'yes')",,,,,,,,,,,,,,,,,,,
select_one ynndp,savings,Replenish or start a savings (formal or informal),23.4 ????? ?? ??? ??????? (???? ? ??? ????),,,true,,,,,,,,,,,,,,,,,,,,
select_one behaviors,savings_result,To what extent do you attribute your household's ability to replenish a savings to the MPCA you received through the My Choice program?,23.4.1 ??? ?? ??? ???? ???? ????? ??? ????? ???????  ??? ???????? ??????? ?????? ??????? ???? ??????? ?? ???? ?????? ????????,,,true,"selected(${savings}, 'yes')",,,,,,,,,,,,,,,,,,,
select_one ynndp,purchase_asset,Purchase/repair/replacement of at least one productive asset,23.5 ???? / ????? / ??????? ??? ?????? ???? ??? ?????,,,,,,,,,,,,,,,,,,,,,,,
select_one behaviors,purchase_asset_result,"To what extent do you attribute your household's ability to purchase, repair, or replace an asset to the MPCA you received through the My Choice program?",23.5.1 ??? ?? ??? ???? ???? ????? ??? ???? ?? ????? ?? ??????? ??? ?????? ??? ???????? ??????? ?????? ??????? ???? ?????? ?? ???? ?????? ????????,,,true,"selected(${purchase_asset}, 'yes')",,,,,,,,,,,,,,,,,,,
select_one ynndp,establish_income_generation,Establishment or strengthening of income-generating activities,23.6 ????? ?? ????? ??????? ?????? ?????,,,,,,,,,,,,,,,,,,,,,,,
select_one behaviors,establish_income_generation_result,To what extent do you attribute your household's ability to establish or strengthen income-generating activities to the MPCA you received through the My Choice program?,23.6.1 ??? ?? ??? ???? ???? ????? ??? ????? ?? ????? ??????? ?????? ????? ??? ???????? ??????? ?????? ??????? ???? ?????? ?? ???? ??????  ????????,,,true,"selected(${establish_income_generation}, 'yes')",,,,,,,,,,,,,,,,,,,
select_one ynndp,new_nfi,"Repair or replace a significant NFI (e.g. oven, heater, car, refrigerator)","23.7 ????? ?? ??????? ???? ??? ?????? ???? (??? ????? ? ?????? ? ???????)",,,,,,,,,,,,,,,,,,,,,,,
select_one behaviors,new_nfi_result,To what extent do you attribute your household's ability to repair or replace a significant NFI to the MPCA you received through the My Choice program?,23.7.1 ??? ?? ??? ???? ???? ????? ??? ????? ?? ??????? ???? ??? ?????? ???? ??? ???????? ??????? ?????? ??????? ???? ?????? ?? ???? ?????? ????????,,,true,"selected(${new_nfi}, 'yes')",,,,,,,,,,,,,,,,,,,
end_group,mpca_behaviors,,,,,,,,,,,,,,,,,,,,,,,,,
end_group,transfer_size,,,,,,,,,,,,,,,,,,,,,,,,,
begin_group,transfer_timeliness,Transfer Timeliness and Accessibility,?????? ?????? ???????? ?????? ??????? ???????,,,,"selected(${consent},'yes')",,,,,,,,,,,,,,,,,,,
select_one alignment,transfer_alignment,28. To what degree was the frequency of payments through My Choice aligned with the expenditure needs of your household?,24. ??? ???? ???? ????? ????? ??????? ??????? ?? ???? ????? ??????? ?????? ?? ????? ?????? ,,,true,,,,,,,,,,,,,,,,,,,,
select_one misalignment_reason,transfer_misaligned_why,28.1 Why was the frequency of distributions unaligned with your household's needs?,24.1 ????? ???? ????? ????? ??????? ?? ?????? ?? ???????? ???????,,,true,"selected(${transfer_alignment},'partially') or selected(${transfer_alignment},'misaligned')",,,,,,,,,,,,,,,,,,,
text,misaligned_other,"28.1.1 If other, please specify","24.1.1 ??? ????? ???? ???????",,,true,"selected(${transfer_misaligned_why}, 'other')",,,,,,,,,,,,,,,,,,,
select_one transfer_timing,transfer_timing,29. To which degree was the timing of installments by My Choice appropriate enough?,25. ??? ???? ??? ????? ??????? ?? ???? ????? ??????? ????? ???? ?????,,,true,,,,,,,,,,,,,,,,,,,,
end_group,transfer_timeliness,,,,,,,,,,,,,,,,,,,,,,,,,
begin_group,elasticity_durability,Elasticity and Durability During Shocks,??????? ???????? ????? ???????,,,,"selected(${consent},'yes')",,,,,,,,,,,,,,,,,,,
select_multiple needs,escalation_priorities,"31. Following the May Escalation, what were the top three priority needs of your household?","26. ??? ????? ??? ???? ? ???? ???? ????? ???????? ???? ??? ???????? ??? ????? ?",,,true,,,"count-selected(.)<=3. and not(selected(.,‘don_t_know’) and count-selected(.) >1) and not(selected(., ‘prefer_not_to_answer’) and count-selected(.) >1)","Can only select 3 options and Cannot select ""Don't Know"" or ""Prefer Not To Answer"" with any other option","???? 3 ??? ???? 
?? ???? ????? ""?? ????"" ?? ""???? ??? ???????"" ?? ?? ???? ???",,,,,,,,,,,,,,,
text,escalation_priorities_other,"31.1 If other, please specify","26.1 ??? ????? ???? ???????",,,true,"selected(${escalation_priorities}, 'other')",,,,,,,,,,,,,,,,,,,
select_one mpca_helpfulness,mpca_help_escalation_priorities,32. To what extent was the MPCA your household received through My Choice able to help the household in meeting these needs?,27. ??? ??? ???? ???????? ??????? ?????? ??????? ???? ???????? ?????? ???? ????? ??????? ????? ??? ????? ??? ???????????,,,true,"not(selected(${escalation_priorities}, 'don_t_know')) or not(selected(${escalation_priorities}, 'prefer_not_to_answer'))",,,,,,,,,,,,,,,,,,,
select_multiple why_unhelpful,mpca_no_help_escalation_priorities,32.1 Why did the MPCA not prove helpful in meeting your priority needs?,27.1 ????? ???? ???????? ??????? ?????? ??????? ??? ????? ?? ????? ?????????? ?,,,true,"selected(${mpca_help_escalation_priorities}, 'did_not_help_much') or selected(${mpca_help_escalation_priorities}, 'did_not_help_at_all')",,"not(selected(.,‘don_t_know’) and count-selected(.) >1) and not(selected(., ‘prefer_not_to_answer’) and count-selected(.) >1)","Cannot select ""Don't Know"" or ""Prefer Not To Answer"" with any other option","?? ???? ????? ""?? ????"" ?? ""???? ??? ???????"" ?? ?? ???? ???",,,,,,,,,,,,,,,
text,why_unhelpful_other,"32.1.1 If other, please specify","27.1.1 ??? ????? ???? ???????",,,true,"selected(${mpca_no_help_escalation_priorities}, 'other')",,,,,,,,,,,,,,,,,,,
select_one yndp,exp_shock,"33. Did your household experience a shock (defined as a major expense incurred or major loss of income, such as a medical expense, a household member losing their employment) during the time you received MPCA, outside of the May Escalation?","28. ?? ????? ????? ?? ??? ?? ???????(??? ?????? ??????? ?????? ????? ??? ?????? ?????? ?? ???? ?? ????? ?????? ??? ????? ?????? ?????) ???? ???? ?????? ???????? ??????? ?????? ??????? ( ????? ????? ??? ???? )",,,true,,,,,,,,,,,,,,,,,,,,
select_multiple type_of_shock,type_of_shock,33.1 Which shocks did your household experience?,28.1 ???? ??????? ???? ????? ??????,,,true,"selected(${exp_shock}, 'yes')",,"not(selected(.,‘don_t_know’) and count-selected(.) >1) and not(selected(., ‘prefer_not_to_answer’) and count-selected(.) >1)","Cannot select ""Don't Know"" or ""Prefer Not To Answer"" with any other option","?? ???? ????? ""?? ????"" ?? ""???? ??? ???????"" ?? ?? ???? ???",,,,,,,,,,,,,,,
text,type_of_shock_other,"33.1.1 If other, please specify","28.1.1 ??? ????? ???? ???????",,,true,"selected(${type_of_shock}, 'other')",,,,,,,,,,,,,,,,,,,
select_one effect_of_shock,role_mpca_med,To what extent was the MPCA your household received through My Choice able to help the household withstand this shock of medical expenses of procedures?,28.2 ??? ?? ??? ???? ???????? ??????? ?????? ??????? ???? ?????? ????? ?? ???? ????? ??????? ????? ??? ?????? ?????? ??? ???? ???? ???????? ?????? ??????????,,,true,"selected(${type_of_shock}, 'medical_expenses')",,,,,,,,,,,,,,,,,,,
select_multiple why_ineffective,mpca_shock_ineffective_med,Why was MPCA ineffective in supporting your household in withstanding these shocks?,28.2.1 ????? ???? ???????? ??????? ?????? ??????? ??? ????? ?? ??? ????? ?? ???? ??? ????????,,,true,"selected(${role_mpca_med}, 'limited_extent') or selected(${role_mpca_med}, 'did_not_help')",,"not(selected(.,‘don_t_know’) and count-selected(.) >1) and not(selected(., ‘prefer_not_to_answer’) and count-selected(.) >1)","Cannot select ""Don't Know"" or ""Prefer Not To Answer"" with any other option","?? ???? ????? ""?? ????"" ?? ""???? ??? ???????"" ?? ?? ???? ???",,,,,,,,,,,,,,,
text,mpca_shock_ineffective_med_other,"If other, please specify","28.2.2 ??? ????? ???? ???????",,,true,"selected(${mpca_shock_ineffective_med}, 'other')",,,,,,,,,,,,,,,,,,,
select_one effect_of_shock,role_mpca_loss_employ,To what extent was the MPCA your household received through My Choice able to help the household withstand this shock of loss of income?,28.3 ??? ?? ??? ???? ???????? ??????? ?????? ??????? ???? ?????? ????? ?? ???? ????? ??????? ????? ??? ?????? ?????? ??? ???? ???? ????? ??????,,,true,"selected(${type_of_shock}, 'loss_of_employment')",,,,,,,,,,,,,,,,,,,
select_multiple why_ineffective,mpca_shock_ineffective_loss_employ,Why was MPCA ineffective in supporting your household in withstanding these shocks?,28.3.1 ????? ???? ???????? ??????? ?????? ??????? ??? ????? ?? ??? ????? ?? ???? ??? ????????,,,true,"selected(${role_mpca_loss_employ}, 'limited_extent') or selected(${role_mpca_loss_employ}, 'did_not_help')",,"not(selected(.,‘don_t_know’) and count-selected(.) >1) and not(selected(., ‘prefer_not_to_answer’) and count-selected(.) >1)","Cannot select ""Don't Know"" or ""Prefer Not To Answer"" with any other option","?? ???? ????? ""?? ????"" ?? ""???? ??? ???????"" ?? ?? ???? ???",,,,,,,,,,,,,,,
text,mpca_shock_ineffective_loss_employ_other,"If other, please specify","28.3.2 ??? ????? ???? ???????",,,true,"selected(${mpca_shock_ineffective_loss_employ}, 'other')",,,,,,,,,,,,,,,,,,,
select_one effect_of_shock,role_mpca_loss_inventory,To what extent was the MPCA your household received through My Choice able to help the household withstand this shock of mloss of inventory or produce?,28.4 ??? ?? ??? ???? ???????? ??????? ?????? ??????? ???? ?????? ????? ?? ???? ????? ??????? ????? ??? ?????? ?????? ??? ???? ???? ????? ??????? ?? ???????,,,true,"selected(${type_of_shock}, 'loss_of_inventory')",,,,,,,,,,,,,,,,,,,
select_multiple why_ineffective,mpca_shock_ineffective_loss_inventory,Why was MPCA ineffective in supporting your household in withstanding these shocks?,28.4.1 ????? ???? ???????? ??????? ?????? ??????? ??? ????? ?? ??? ????? ?? ???? ??? ????????,,,true,"selected(${role_mpca_loss_inventory}, 'limited_extent') or selected(${role_mpca_loss_inventory}, 'did_not_help')",,"not(selected(.,‘don_t_know’) and count-selected(.) >1) and not(selected(., ‘prefer_not_to_answer’) and count-selected(.) >1)","Cannot select ""Don't Know"" or ""Prefer Not To Answer"" with any other option","?? ???? ????? ""?? ????"" ?? ""???? ??? ???????"" ?? ?? ???? ???",,,,,,,,,,,,,,,
text,mpca_shock_ineffective_loss_inventory_other,"If other, please specify","28.4.2 ??? ????? ???? ???????",,,true,"selected(${mpca_shock_ineffective_loss_inventory}, 'other')",,,,,,,,,,,,,,,,,,,
select_one effect_of_shock,role_mpca_new_member,To what extent was the MPCA your household received through My Choice able to help the household withstand this shock of arrival of new household members?,28.5 ??? ?? ??? ???? ???????? ??????? ?????? ??????? ???? ?????? ????? ?? ???? ????? ??????? ????? ??? ?????? ?????? ??? ???? ???? ?????? ??? ???? ??? ????????,,,true,"selected(${type_of_shock}, 'new_hh_members')",,,,,,,,,,,,,,,,,,,
select_multiple why_ineffective,mpca_shock_ineffective_new_member,Why was MPCA ineffective in supporting your household in withstanding these shocks?,28.5.1 ????? ???? ???????? ??????? ?????? ??????? ??? ????? ?? ??? ????? ?? ???? ??? ????????,,,true,"selected(${role_mpca_new_member}, 'limited_extent') or selected(${role_mpca_new_member}, 'did_not_help')",,"not(selected(.,‘don_t_know’) and count-selected(.) >1) and not(selected(., ‘prefer_not_to_answer’) and count-selected(.) >1)","Cannot select ""Don't Know"" or ""Prefer Not To Answer"" with any other option","?? ???? ????? ""?? ????"" ?? ""???? ??? ???????"" ?? ?? ???? ???",,,,,,,,,,,,,,,
text,mpca_shock_ineffective_new_member_other,"If other, please specify","28.5.1 ??? ????? ???? ???????",,,true,"selected(${mpca_shock_ineffective_new_member}, 'other')",,,,,,,,,,,,,,,,,,,
select_one effect_of_shock,role_mpca_repair_nfi,To what extent was the MPCA your household received through My Choice able to help the household withstand this shock of need to repair or replace a household item?,28.6 ??? ?? ??? ???? ???????? ??????? ?????? ??????? ???? ?????? ????? ?? ???? ????? ??????? ????? ??? ?????? ?????? ??? ???? ???? ?????? ??? ????? ?? ??????? ??? ????? ???????,,,true,"selected(${type_of_shock}, 'repair_hh_items')",,,,,,,,,,,,,,,,,,,
select_multiple why_ineffective,mpca_shock_ineffective_repair_nfi,Why was MPCA ineffective in supporting your household in withstanding these shocks?,28.6.1 ????? ???? ???????? ??????? ?????? ??????? ??? ????? ?? ??? ????? ?? ???? ??? ????????,,,true,"selected(${role_mpca_repair_nfi}, 'limited_extent') or selected(${role_mpca_repair_nfi}, 'did_not_help')",,"not(selected(.,‘don_t_know’) and count-selected(.) >1) and not(selected(., ‘prefer_not_to_answer’) and count-selected(.) >1)","Cannot select ""Don't Know"" or ""Prefer Not To Answer"" with any other option","?? ???? ????? ""?? ????"" ?? ""???? ??? ???????"" ?? ?? ???? ???",,,,,,,,,,,,,,,
text,mpca_shock_ineffective_repair_nfi_other,"If other, please specify","28.6.2 ??? ????? ???? ???????",,,true,"selected(${mpca_shock_ineffective_repair_nfi}, 'other')",,,,,,,,,,,,,,,,,,,
select_one effect_of_shock,role_mpca_repair_asset,To what extent was the MPCA your household received through My Choice able to help the household withstand this shock of repairing a productive asset?,28.7 ??? ?? ??? ????  ???????? ??????? ?????? ??????? ???? ?????? ????? ?? ???? ????? ??????? ????? ??? ?????? ?????? ??? ???? ???? ????? ??? ?????? ??????????,,,true,"selected(${type_of_shock}, 'repair_hh_productive_assets')",,,,,,,,,,,,,,,,,,,
select_multiple why_ineffective,mpca_shock_ineffective_repair_asset,Why was MPCA ineffective in supporting your household in withstanding these shocks?,28.7.1 ????? ???? ???????? ??????? ?????? ??????? ??? ???? ?? ??? ????? ?? ???? ??? ????????,,,true,"selected(${role_mpca_repair_asset}, 'limited_extent') or selected(${role_mpca_repair_asset}, 'did_not_help')",,"not(selected(.,‘don_t_know’) and count-selected(.) >1) and not(selected(., ‘prefer_not_to_answer’) and count-selected(.) >1)","Cannot select ""Don't Know"" or ""Prefer Not To Answer"" with any other option","?? ???? ????? ""?? ????"" ?? ""???? ??? ???????"" ?? ?? ???? ???",,,,,,,,,,,,,,,
text,mpca_shock_ineffective_repair_asset_other,"If other, please specify","28.7.2 ??? ????? ???? ???????",,,true,"selected(${mpca_shock_ineffective_repair_asset}, 'other')",,,,,,,,,,,,,,,,,,,
select_one effect_of_shock,role_mpca_edu,To what extent was the MPCA your household received through My Choice able to help the household withstand this shock of education expenses?,28.8 ??? ?? ??? ????  ???????? ??????? ?????? ??????? ???? ?????? ????? ?? ???? ????? ??????? ????? ??? ?????? ?????? ??? ???? ???? ????? ??????? ?,,,true,"selected(${type_of_shock}, 'education_expense')",,,,,,,,,,,,,,,,,,,
select_multiple why_ineffective,mpca_shock_ineffective_edu,Why was MPCA ineffective in supporting your household in withstanding these shocks?,28.8.1 ????? ???? ???????? ??????? ?????? ??????? ??? ???? ?? ??? ????? ?? ???? ??? ????????,,,true,"selected(${role_mpca_edu}, 'limited_extent') or selected(${role_mpca_edu}, 'did_not_help')",,"not(selected(.,‘don_t_know’) and count-selected(.) >1) and not(selected(., ‘prefer_not_to_answer’) and count-selected(.) >1)","Cannot select ""Don't Know"" or ""Prefer Not To Answer"" with any other option","?? ???? ????? ""?? ????"" ?? ""???? ??? ???????"" ?? ?? ???? ???",,,,,,,,,,,,,,,
text,mpca_shock_ineffective_edu_other,"If other, please specify","28.8.2 ??? ????? ???? ???????",,,true,"selected(${mpca_shock_ineffective_edu}, 'other')",,,,,,,,,,,,,,,,,,,
select_one effect_of_shock,role_mpca_shelter,To what extent was the MPCA your household received through My Choice able to help the household withstand this shock of shelter expenses?,28.9 ??? ?? ??? ????  ???????? ??????? ?????? ??????? ???? ?????? ????? ?? ???? ????? ??????? ????? ??? ?????? ?????? ??? ???? ???? ????? ?????? ?,,,true,"selected(${type_of_shock}, 'shelter_expense')",,,,,,,,,,,,,,,,,,,
select_multiple why_ineffective,mpca_shock_ineffective_shelter,Why was MPCA ineffective in supporting your household in withstanding these shocks?,28.9.1 ????? ???? ???????? ??????? ?????? ??????? ??? ???? ?? ??? ????? ?? ???? ??? ????????,,,true,"selected(${role_mpca_shelter}, 'limited_extent') or selected(${role_mpca_shelter}, 'did_not_help')",,"not(selected(.,‘don_t_know’) and count-selected(.) >1) and not(selected(., ‘prefer_not_to_answer’) and count-selected(.) >1)","Cannot select ""Don't Know"" or ""Prefer Not To Answer"" with any other option","?? ???? ????? ""?? ????"" ?? ""???? ??? ???????"" ?? ?? ???? ???",,,,,,,,,,,,,,,
text,mpca_shock_ineffective_shelter_other,"If other, please specify","28.9.2 ??? ????? ???? ???????",,,true,"selected(${mpca_shock_ineffective_shelter}, 'other')",,,,,,,,,,,,,,,,,,,
select_one effect_of_shock,role_mpca_debt,To what extent was the MPCA your household received through My Choice able to help the household withstand this shock of debt payment?,28.10 ??? ?? ??? ????  ???????? ??????? ?????? ??????? ???? ?????? ????? ?? ???? ????? ??????? ????? ??? ?????? ?????? ??? ???? ???? ???? ???????,,,true,"selected(${type_of_shock}, 'debt_repayment')",,,,,,,,,,,,,,,,,,,
select_multiple why_ineffective,mpca_shock_ineffective_debt,Why was MPCA ineffective in supporting your household in withstanding these shocks?,28.10.1 ????? ???? ???????? ??????? ?????? ??????? ??? ???? ?? ??? ????? ?? ???? ??? ????????,,,true,"selected(${role_mpca_debt}, 'limited_extent') or selected(${role_mpca_debt}, 'did_not_help')",,"not(selected(.,‘don_t_know’) and count-selected(.) >1) and not(selected(., ‘prefer_not_to_answer’) and count-selected(.) >1)","Cannot select ""Don't Know"" or ""Prefer Not To Answer"" with any other option","?? ???? ????? ""?? ????"" ?? ""???? ??? ???????"" ?? ?? ???? ???",,,,,,,,,,,,,,,
text,mpca_shock_ineffective_debt_other,"If other, please specify","28.10.2 ??? ????? ???? ???????",,,true,"selected(${mpca_shock_ineffective_debt}, 'other')",,,,,,,,,,,,,,,,,,,
select_one effect_of_shock,role_mpca_other,To what extent was the MPCA your household received through My Choice able to help the household withstand this other shock?,28.11 ??? ?? ??? ???? ???????? ??????? ?????? ??????? ???? ?????? ????? ?? ???? ????? ??????? ????? ??? ?????? ?????? ??? ????  ????? ?????,,,true,"selected(${type_of_shock}, 'other')",,,,,,,,,,,,,,,,,,,
select_multiple why_ineffective,mpca_shock_ineffective_other,Why was MPCA ineffective in supporting your household in withstanding these shocks?,28.11.1 ????? ???? ???????? ??????? ?????? ??????? ??? ???? ?? ??? ????? ?? ???? ??? ????????,,,true,"selected(${role_mpca_other}, 'limited_extent') or selected(${role_mpca_other}, 'did_not_help')",,"not(selected(.,‘don_t_know’) and count-selected(.) >1) and not(selected(., ‘prefer_not_to_answer’) and count-selected(.) >1)","Cannot select ""Don't Know"" or ""Prefer Not To Answer"" with any other option","?? ???? ????? ""?? ????"" ?? ""???? ??? ???????"" ?? ?? ???? ???",,,,,,,,,,,,,,,
text,mpca_shock_ineffective_other_other,"If other, please specify","28.11.2 ??? ????? ???? ???????",,,true,"selected(${mpca_shock_ineffective_other}, 'other')",,,,,,,,,,,,,,,,,,,
end_group,elasticity_durability,,,,,,,,,,,,,,,,,,,,,,,,,
begin_group,expenditure_and_impact,Household Expenditure and Impact of MPCA,??????? ?????? ? ????? ???????? ??????? ?????? ???????,,,,"selected(${consent},'yes')",,,,,,,,,,,,,,,,,,,
select_one income_sources,income_sources,21. What were your household's primary income sources over the last 30 days?,29. ???? ??? ???? ????? ??????? ?????? ???? ?? 30 ??? ????????,,,true,,,,,,,,,,,,,,,,,,,,
text,income_sources_other,"21.1 If other, please specify","29.1 ??? ????? ???? ???????",,,true,"selected(${income_sources}, 'other')",,,,,,,,,,,,,,,,,,,
begin_group,expenses,Household expenditure,?????? ??????,,,,,,,,,,field-list,,,,,,,,,,,,,
note,exp_note,"22. During the past 30 days, how much did your household spend on each of the following categories (in NIS)","30. ???? ??30 ??? ????????  ?? ??? ????? ?????? ??????? ?? ?? ??:",,,,,,,,,,,,,,,,,,,,,,,
integer,food_exp,Food,30.1 ??????,,,true,,,(.>=0 and .<= 100000),,,,,,0,,,,,,,,,,,
integer,clothing_exp,Clothing and shoes,30.2 ??????? ??????,,,true,,,(.>=0 and .<= 100000),,,,,,0,,,,,,,,,,,
integer,housing_exp,housing,"30.3 ?????? (?????? ?????? ?????? ????)",,,true,,,(.>=0 and .<= 100000),,,,,,0,,,,,,,,,,,
integer,appliances_exp,home appliances,30.4 ??????? ??????,,,true,,,(.>=0 and .<= 100000),,,,,,0,,,,,,,,,,,
integer,debt_repayment,Debt repayment,30.5 ???? ???? ,,,true,,,(.>=0 and .<= 100000),,,,,,0,,,,,,,,,,,
integer,house_needs_exp,house needs,30.6 ????? ?????? ?????? (???? ??????? ?????? ????) ,,,true,,,(.>=0 and .<= 100000),,,,,,0,,,,,,,,,,,
integer,health_exp,health care,30.7 ??????? ?????? (?? ?????? ?/?? ??????) ,,,true,,,(.>=0 and .<= 100000),,,,,,0,,,,,,,,,,,
integer,transp_exp,transportation,30.8 ?????????,,,true,,,(.>=0 and .<= 100000),,,,,,0,,,,,,,,,,,
integer,communication_exp,"communication (e.g. land line bills, maintenance, recharge mobile's cards)","30.9 ????????? (?????? ?????? ????? ?????? ???? ???)",,,true,,,(.>=0 and .<= 100000),,,,,,0,,,,,,,,,,,
integer,recreation_exp,cultural and recreational activities,"30.10 ???????? ????????? ????????? (?????? ?????? ??????? ????? ?????? ????? ?????) ",,,true,,,(.>=0 and .<= 100000),,,,,,0,,,,,,,,,,,
integer,personal_exp,personal care,"30.11 ??????? ??????? (?????? ?????? ????? ????? ?????) ",,,true,,,(.>=0 and .<= 100000),,,,,,0,,,,,,,,,,,
integer,cigarettes_exp,cigarettes and tobacco,30.12 ???????,,,true,,,(.>=0 and .<= 100000),,,,,,0,,,,,,,,,,,
integer,electricity_exp,"electricity including bills, fuels, repairs"," 30.13 ???? ???????? ??? (???? ????????? ?????????? ???????, ??) ",,,true,,,(.>=0 and .<= 100000),,,,,,0,,,,,,,,,,,
end_group,expenses,,,,,,,,,,,,,,,,,,,,,,,,,
end_group,hh_characteristics,,,,,,,,,,,,,,,,,,,,,,,,,
begin_group,lcsi,LCSI,,,,,,,,,,,field-list,,,,,,,,,,,,,
note,lcsi_note,"34. During the past 30 days, did anyone in your household have to do one of the following things because there was not enough food or money to buy it?","31. ???? ??30 ??? ???????? ?? ???? ??? ????? ????? ?????? ???? ?? ??????? ?????? ????? ???? ???? ?????? ?? ????? ?????? ????? ??????:",,,,,,,,,,,,,,,,,,,,,,,
select_one ynnndp,selling_hh_properties,Sold household assets,31.1 ??? ???? ?????? ,,,true,,,,,,,,,,,,,,,,,,,,
select_one ynnndp,spent_savings,Spent savings,31.2 ????? ????????,,,true,,,,,,,,,,,,,,,,,,,,
select_one ynnndp,buying_goods_on_credit,Buying goods or services on credit or using borrowed cash,31.3 ???? ??? ?? ????? ????????? ?? ?????????,,,true,,,,,,,,,,,,,,,,,,,,
select_one ynnndp,hh_members_ate_eslewhere,Sent household members to eat elsewhere,31.4 ????? ????? ?????? ?????? ?????? ?? ???? ???,,,true,,,,,,,,,,,,,,,,,,,,
select_one ynnndp,selling_productive_assets,"Selling productive assets, including means of transport",31.5 ??? ???? ??????? ????? ????? ?????,,,true,,,,,,,,,,,,,,,,,,,,
select_one ynnndp,withdrew_children_from_school,Withdrew children from school,31.6 ????? ??????? ?? ??????? ,,,true,,,,,,,,,,,,,,,,,,,,
select_one ynnndp,school_drop_out,Drop out children from school / adults from universities,31.7 ???? ??????? ?? ??????? / ?????? ?? ????????,,,true,,,,,,,,,,,,,,,,,,,,
select_one ynnndp,reduced_health_expenses,Reduce expenses on health (including medicine) and education,31.8 ????? ????????? ?? ??????? ?????? ( ???? ???????) ????????,,,true,,,,,,,,,,,,,,,,,,,,
select_one ynnndp,engaging_in_risky_behaviour,Engage in begging (or similarly risky behavior),31.9 ???????? ?? ?????? ( ?? ?? ???? ???),,,true,,,,,,,,,,,,,,,,,,,,
select_one ynnndp,sold_house_land,Sold house or land, 31.10 ??? ?????? ?? ????? ,,,true,,,,,,,,,,,,,,,,,,,,
select_one ynnndp,hh_migrated,Entire household migrated,31.11 ???? ??????  ???? ????,,,true,,,,,,,,,,,,,,,,,,,,
end_group,lcsi,,,,,,,,,,,,,,,,,,,,,,,,,
select_one financial_situation,change_financial_situation,36. Since the My Choice program has ended how do you believe your household's financial situation compares to before you participated (e.g. October 2020)?,32. ??? ?????? ????? ??????? ??? ??? ????? ?????? ?????? ?????? ????????? ?? ????? ????? ??????? ?? ??????? ( ?????? 2020),,,true,,,,,,,,,,,,,,,,,,,,
select_one mpca_helpfulness,change_financial_situation_mpca,How much of this change can be attributed to your participation in My Choice?,32.1 ?? ????? ?????? ???? ???? ?? ???? ??? ???????? ?? ???????? ??????? ?? ????? ????????,,,true,"selected(${change_financial_situation}, 'improved_significantly') or selected(${change_financial_situation}, 'improved_somewhat')",,,,,,,,,,,,,,,,,,,
select_one financial_situation,change_psych_situation,37. Since the My Choice program has ended how do you believe the mental state of household members compares to before you participated (e.g. October 2020)?,33. ??? ?????? ????? ??????? ??? ??? ????? ?????? ?????? ?????? ????????? ?? ????? ????? ??????? ?? ??????? ( ?????? 2020),,,true,,,,,,,,,,,,,,,,,,,,
select_one mpca_helpfulness,change_psych_situation_mpca,How much of this change can be attributed to your participation in My Choice?,33.1 ?? ????? ?????? ???? ???? ?? ???? ??? ???????? ?? ???????? ??????? ?? ????? ????????,,,true,"selected(${change_psych_situation}, 'improved_significantly') or selected(${change_psych_situation}, 'improved_somewhat')",,,,,,,,,,,,,,,,,,,
begin_group,change_behaviors_mpca,Change of Behaviors ,???? ?????????,,,,,,,,,,field-list,,,,,,,,,,,,,
note,change_behaviors_mpca_note,38. Could you tell me the extent to which the following behaviors or relationships have changed as a result of receiving MPCA,34. ??? ??? ????????? ?? ???????? ?????? ?? ????? ?????? ??????? ???????? ??????? ?????? ????????,,,,,,,,,,,,,,,,,,,,,,,
select_one behavioral_changes,joint_decision_making,Joint decision-making (e.g. more than one HH member) on household expenses,34.1 ????????  ?? ????? ????? ?????? ( ???? ?? ??? ???? ?? ??????) ?? ??????? ??????,,,true,,,,,,,,,,,,,,,,,,,,
select_one behavioral_changes,joint_loans,Joint decision-making on whether to take loans,34.2 ????????  ?? ????? ????? ?????? ?? ????? ??? ??????,,,,,,,,,,,,,,,,,,,,,,,
select_one behavioral_changes,joint_responsibilities,"Joint decision-making on responsibilities of household members (e.g. work, care of the elderly)","34.3 ????????  ?? ????? ????? ??????  ?? ????? ???????? ????? ?????? ( ????: ????? ? ????? ???? ????)",,,,,,,,,,,,,,,,,,,,,,,
select_one behavioral_changes,spending_disputes,Disputes within household on how to spend money,34.4 ?????? ???? ?????? ??? ????? ????? ??????? ???????,,,true,,,,,,,,,,,,,,,,,,,,
select_one behavioral_changes,disputes_with_creditors,Disputes with creditors,34.5 ?????? ?? ????????,,,true,,,,,,,,,,,,,,,,,,,,
end_group,change_behaviors_mpca,,,,,,,,,,,,,,,,,,,,,,,,,
select_one yndp,change_dignity_mpca,39. Do you believe receiving MPCA through My Choice has changed the dignity felt by household members in any way?,35. ?? ????? ?? ?????? ???????? ??????? ?????? ??????? ?? ???? ????? ??????? ?? ??? ?????? ?????? ?????/??????? ??? ????? ??????  ?,,,true,,,,,,,,,,,,,,,,,,,,
select_multiple change_dignity_how,change_dignity_mpca_how,39.1 How has the level of dignity of household members changed as a result of the MPCA?,35.1 ??? ?? ????? ?? ???? ?????? ?????? ????? ??? ????? ?????? ????? ??????? ???????? ??????? ??????? ????????,,,true,"selected(${change_dignity_mpca}, 'yes')",,"not(selected(.,‘don_t_know’) and count-selected(.) >1) and not(selected(., ‘prefer_not_to_answer’) and count-selected(.) >1)","Cannot select ""Don't Know"" or ""Prefer Not To Answer"" with any other option","?? ???? ????? ""?? ????"" ?? ""???? ??? ???????"" ?? ?? ???? ???",,,,,,,,,,,,,,,
text,change_dignity_how_other,"39.1.1 If other, please specify","35.1.1 ??? ????? ???? ???????",,,true,"selected(${change_dignity_mpca_how}, 'other')",,,,,,,,,,,,,,,,,,,
end_group,expenditure_and_impact,,,,,,,,,,,,,,,,,,,,,,,,,
begin_group,satisfaction,Satisfaction and Unforeseen Challenges,????? ????????? ????????,,,,"selected(${consent},'yes')",,,,,,,,,,,,,,,,,,,
select_one change_in_relations,change_relations_relatives,40.1 How do you believe yourhousehold's relations with relatives have changed since you began receiving MPCA?,36. ??? ????? ?? ?????? ??????? ?? ??????? ?? ????? ??? ????? ??? ???????? ??????? ?????? ????????,,,true,,,,,,,,,,,,,,,,,,,,
select_multiple change_in_relations_why,worse_relations_relatives_why,40.1.1 Why do you believe your relations have worsened?,36.1 ????? ????? ?? ??????? ?? ????? ?????,,,true,"selected(${change_relations_relatives}, 'relation_worsened_some_extent') or selected(${change_relations_relatives}, 'relation_worsened_significantly')",,"not(selected(.,‘don_t_know’) and count-selected(.) >1) and not(selected(., ‘prefer_not_to_answer’) and count-selected(.) >1)","Cannot select ""Don't Know"" or ""Prefer Not To Answer"" with any other option","?? ???? ????? ""?? ????"" ?? ""???? ??? ???????"" ?? ?? ???? ???",,,,,,,,,,,,,,,
text,worse_relations_relatives_why_other,"40.1.1.1 If other, please specify","36.1.1 ??? ????? ???? ???????",,,true,"selected(${worse_relations_relatives_why}, 'other')",,,,,,,,,,,,,,,,,,,
select_one change_in_relations,changes_relations_community,41. How do you believe yourhousehold's relations with other households or members of the community/neighborhood have changed since you began receiving MPCA?,37. ??? ????? ?? ????? ????? ?? ????? ?????? ?? ????? ???????  ?? ????? ??? ????? ??? ???????? ??????? ?????? ????????,,,true,,,,,,,,,,,,,,,,,,,,
select_multiple change_in_relations_why,worse_relations_community_why,41.1 Why do you believe your relations have worsened?,37.1 ????? ????? ?? ??????? ?? ????? ?????,,,true,"selected(${changes_relations_community}, 'relation_worsened_some_extent') or selected(${changes_relations_community}, 'relation_worsened_significantly')",,"not(selected(.,‘don_t_know’) and count-selected(.) >1) and not(selected(., ‘prefer_not_to_answer’) and count-selected(.) >1)","Cannot select ""Don't Know"" or ""Prefer Not To Answer"" with any other option","?? ???? ????? ""?? ????"" ?? ""???? ??? ???????"" ?? ?? ???? ???",,,,,,,,,,,,,,,
text,worse_relations_community_why_other,"41.1.1 If other, please specify","37.1.1 ??? ????? ???? ???????",,,true,"selected(${worse_relations_community_why}, 'other')",,,,,,,,,,,,,,,,,,,
select_one yndp,debts,42. Has any member of your household incurred debts in the past 30 days?,38. ?? ???? ??? ?? ????? ????? ????? ???? ??30 ??? ????????,,,true,,,,,,,,,,,,,,,,,,,,
select_multiple source_debts,source_debts,42.1 From where did the household member/s incur this debt?,38.1 ?? ??? ???? ????? ????? ??? ???????,,,true,"selected(${debts}, 'yes')",,"not(selected(.,‘don_t_know’) and count-selected(.) >1) and not(selected(., ‘prefer_not_to_answer’) and count-selected(.) >1)","Cannot select ""Don't Know"" or ""Prefer Not To Answer"" with any other option","?? ???? ????? ""?? ????"" ?? ""???? ??? ???????"" ?? ?? ???? ???",,,,,,,,,,,,,,,
text,source_debts_other,"42.1.1 If other, please specify","38.1.1 ??? ????? ???? ???????",,,true,"selected(${source_debts}, 'other')",,,,,,,,,,,,,,,,,,,
select_multiple debt_purpose,debt_purpose,42.2 What was the purpose this debt was incurred?,39. ???? ??? ??? ??? ?????? ???? ?? ??????,,,true,"selected(${debts}, 'yes')",,"not(selected(.,‘don_t_know’) and count-selected(.) >1) and not(selected(., ‘prefer_not_to_answer’) and count-selected(.) >1)","Cannot select ""Don't Know"" or ""Prefer Not To Answer"" with any other option","?? ???? ????? ""?? ????"" ?? ""???? ??? ???????"" ?? ?? ???? ???",,,,,,,,,,,,,,,
text,debt_purpose_other,"42.2.1 If other, please specify","39.1 ??? ????? ???? ???????",,,true,"selected(${debt_purpose}, 'other')",,,,,,,,,,,,,,,,,,,
end_group,satisfaction,,,,,,,,,,,,,,,,,,,,,,,,,
begin_group,coherence,"Accountability, Responsiveness, and Complaint Response Mechanism(s) (CRM)",????  ???????? ??????????  ??????? (CRM),,,,"selected(${consent},'yes')",,,,,,,,,,,,,,,,,,,
select_one yndp,complaint_mechanisms,43. Did you or any household member know how to access the complaint mechanisms for the My Choice program?,40. ?? ???? ??? ?? ?? ??? ?? ????? ????? ??? ??? ??? ???? ????? ??????? ?? ????? ????????,,,true,,,,,,,,,,,,,,,,,,,,
select_one yndp,use_complaint_mechanisms,44. Did you or another household member ever use the complaint mechanisms to provide feedback on the assistance that you have received and/or the way that aid workers have behaved in your location?,41. ?? ??????? ??? ?? ??? ????? ????? ???? ??????? ?????? ??? ??????? ?? ???????? ???? ?? ??????? ?? ?? ????? ????? ????? ??????? ??????? ???????,,,true,"selected(${complaint_mechanisms},'yes')",,,,,,,,,,,,,,,,,,,
select_one resolve_time,time_resolve_complaint,44.1 How long did it take for your complaint to be resolved?,41.1 ?? ?? ????? ??????? ????? ?? ??? ????????,,,true,"selected(${use_complaint_mechanisms},'yes')",,,,,,,,,,,,,,,,,,,
select_one satisfaction,satisfaction_complaint,44.2 How satisfied were you with the extent to which your complaint was addressed?,41.2 ????? ????? ???? ?? ??? ?????? ????????,,,true,"selected(${use_complaint_mechanisms},'yes')",,,,,,,,,,,,,,,,,,,
select_multiple dissatifaction_reason,reason_dissatisfaction_complaint,44.2.1 Why were you dissatisfied with the manner in which your complaint was handled?,41.2.1 ????? ?? ??? ?????? ?? ??????? ???? ?? ??? ??????? ?? ??????,,,true,"selected(${satisfaction_complaint},'dissatisfied') or selected(${satisfaction_complaint},'very_dissatisfied')",,"not(selected(.,‘don_t_know’) and count-selected(.) >1) and not(selected(., ‘prefer_not_to_answer’) and count-selected(.) >1)","Cannot select ""Don't Know"" or ""Prefer Not To Answer"" with any other option","?? ???? ????? ""?? ????"" ?? ""???? ??? ???????"" ?? ?? ???? ???",,,,,,,,,,,,,,,
text,dissatifaction_reason_other,"44.2.1.1 If other, please specify","41.2.1.1 ??? ????? ???? ???????",,,true,"selected(${reason_dissatisfaction_complaint}, 'other')",,,,,,,,,,,,,,,,,,,
select_multiple reasons_no_complaint,reason_not_use_complaint,45. Why did you not use the complaint mechanism?,42. ????? ?? ???????? ???? ????????,,,true,"selected(${use_complaint_mechanisms},'no')",,"not(selected(.,‘don_t_know’) and count-selected(.) >1) and not(selected(., ‘prefer_not_to_answer’) and count-selected(.) >1)","Cannot select ""Don't Know"" or ""Prefer Not To Answer"" with any other option","?? ???? ????? ""?? ????"" ?? ""???? ??? ???????"" ?? ?? ???? ???",,,,,,,,,,,,,,,
text,reasons_no_complaint_other,"45.1 If other, please specify","42.1 ??? ????? ???? ???????",,,true,"selected(${reason_not_use_complaint}, 'other')",,,,,,,,,,,,,,,,,,,
select_multiple aid,preferred_assistance,46. What kind of assistance do you consider the most appropriate to meet your household's needs?,43. ???? ??? ???????? ???? ??????? ?????? ?????? ???????? ??????,,,true,,,"not(selected(.,‘don_t_know’) and count-selected(.) >1) and not(selected(., ‘prefer_not_to_answer’) and count-selected(.) >1)","Cannot select ""Don't Know"" or ""Prefer Not To Answer"" with any other option","?? ???? ????? ""?? ????"" ?? ""???? ??? ???????"" ?? ?? ???? ???",,,,,,,,,,,,,,,
text,preferred_assistance_other,"46.1 If other, please specify","43.1 ??? ????? ???? ???????",,,true,"selected(${preferred_assistance}, 'other')",,,,,,,,,,,,,,,,,,,
end_group,coherence,,,,,,,,,,,,,,,,,,,,,,,,,
note,thanks,THANK YOU FOR YOUR TIME (Do not read) please submit the personal information on the next pages,"???? ????? ??? ????? (?? ????) ?? ???? ???? ???????? ??????? ?? ??????? ???????",,,,,,,,,,,,,,,,,,,,,,,
text,contact_name,What is the name of the individual surveyed?,?? ?? ??? ????? ??? ?? ????????,,,yes,,,,,,,,,,,,,,,,,,,,
text,contact_number,What is the phone number of the individual surveyed?,?? ?? ??? ?????? ????? ?????? ???? ?? ????????,,,yes,,,,,,,,,,,,,,,,,,,,
note,end_submit,END OF SURVEY. Please exit and submit the form,????? ?????????. ?????? ?? ????????? ????????,,,,,,,,,,,,,,,,,,,,,,,
,,,,,,,,,,,,,,,,,,,,,,,,,,
,,,,,,,,,,,,,,,,,,,,,,,,,,
,,,,,,,,,,,,,,,,,,,,,,,,,,
,,,,,,,,,,,,,,,,,,,,,,,,,,
,,,,,,,,,,,,,,,,,,,,,,,,,,
,,,,,,,,,,,,,,,,,,,,,,,,,,
,,,,,,,,,,,,,,,,,,,,,,,,,,
,,,,,,,,,,,,,,,,,,,,,,,,,,
,,,,,,,,,,,,,,,,,,,,,,,,,,
,,,,,,,,,,,,,,,,,,,,,,,,,,
,,,,,,,,,,,,,,,,,,,,,,,,,,
,,,,,,,,,,,,,,,,,,,,,,,,,,
,,,,,,,,,,,,,,,,,,,,,,,,,,
,,,,,,,,,,,,,,,,,,,,,,,,,,
,,,,,,,,,,,,,,,,,,,,,,,,,,
,,,,,,,,,,,,,,,,,,,,,,,,,,
,,,,,,,,,,,,,,,,,,,,,,,,,,
,,,,,,,,,,,,,,,,,,,,,,,,,,
,,,,,,,,,,,,,,,,,,,,,,,,,,
,,,,,,,,,,,,,,,,,,,,,,,,,,
,,,,,,,,,,,,,,,,,,,,,,,,,,
,,,,,,,,,,,,,,,,,,,,,,,,,,
,,,,,,,,,,,,,,,,,,,,,,,,,,
,,,,,,,,,,,,,,,,,,,,,,,,,,
,,,,,,,,,,,,,,,,,,,,,,,,,,
,,,,,,,,,,,,,,,,,,,,,,,,,,
,,,,,,,,,,,,,,,,,,,,,,,,,,
,,,,,,,,,,,,,,,,,,,,,,,,,,
,,,,,,,,,,,,,,,,,,,,,,,,,,
,,,,,,,,,,,,,,,,,,,,,,,,,,
,,,,,,,,,,,,,,,,,,,,,,,,,,
,,,,,,,,,,,,,,,,,,,,,,,,,,
,,,,,,,,,,,,,,,,,,,,,,,,,,
,,,,,,,,,,,,,,,,,,,,,,,,,,
,,,,,,,,,,,,,,,,,,,,,,,,,,
,,,,,,,,,,,,,,,,,,,,,,,,,,
,,,,,,,,,,,,,,,,,,,,,,,,,,
,,,,,,,,,,,,,,,,,,,,,,,,,,
,,,,,,,,,,,,,,,,,,,,,,,,,,
,,,,,,,,,,,,,,,,,,,,,,,,,,
,,,,,,,,,,,,,,,,,,,,,,,,,,
,,,,,,,,,,,,,,,,,,,,,,,,,,
,,,,,,,,,,,,,,,,,,,,,,,,,,
,,,,,,,,,,,,,,,,,,,,,,,,,,
,,,,,,,,,,,,,,,,,,,,,,,,,,
,,,,,,,,,,,,,,,,,,,,,,,,,,
,,,,,,,,,,,,,,,,,,,,,,,,,,
,,,,,,,,,,,,,,,,,,,,,,,,,,
,,,,,,,,,,,,,,,,,,,,,,,,,,
,,,,,,,,,,,,,,,,,,,,,,,,,,
,,,,,,,,,,,,,,,,,,,,,,,,,,
,,,,,,,,,,,,,,,,,,,,,,,,,,
,,,,,,,,,,,,,,,,,,,,,,,,,,
,,,,,,,,,,,,,,,,,,,,,,,,,,
,,,,,,,,,,,,,,,,,,,,,,,,,,
,,,,,,,,,,,,,,,,,,,,,,,,,,
,,,,,,,,,,,,,,,,,,,,,,,,,,
,,,,,,,,,,,,,,,,,,,,,,,,,,
,,,,,,,,,,,,,,,,,,,,,,,,,,
,,,,,,,,,,,,,,,,,,,,,,,,,,
,,,,,,,,,,,,,,,,,,,,,,,,,,
,,,,,,,,,,,,,,,,,,,,,,,,,,
,,,,,,,,,,,,,,,,,,,,,,,,,,
,,,,,,,,,,,,,,,,,,,,,,,,,,
,,,,,,,,,,,,,,,,,,,,,,,,,,
,,,,,,,,,,,,,,,,,,,,,,,,,,
,,,,,,,,,,,,,,,,,,,,,,,,,,
,,,,,,,,,,,,,,,,,,,,,,,,,,
,,,,,,,,,,,,,,,,,,,,,,,,,,
,,,,,,,,,,,,,,,,,,,,,,,,,,
,,,,,,,,,,,,,,,,,,,,,,,,,,
,,,,,,,,,,,,,,,,,,,,,,,,,,
,,,,,,,,,,,,,,,,,,,,,,,,,,
,,,,,,,,,,,,,,,,,,,,,,,,,,
,,,,,,,,,,,,,,,,,,,,,,,,,,
,,,,,,,,,,,,,,,,,,,,,,,,,,
,,,,,,,,,,,,,,,,,,,,,,,,,,
,,,,,,,,,,,,,,,,,,,,,,,,,,
,,,,,,,,,,,,,,,,,,,,,,,,,,
,,,,,,,,,,,,,,,,,,,,,,,,,,
,,,,,,,,,,,,,,,,,,,,,,,,,,
,,,,,,,,,,,,,,,,,,,,,,,,,,
,,,,,,,,,,,,,,,,,,,,,,,,,,
,,,,,,,,,,,,,,,,,,,,,,,,,,
,,,,,,,,,,,,,,,,,,,,,,,,,,
,,,,,,,,,,,,,,,,,,,,,,,,,,
,,,,,,,,,,,,,,,,,,,,,,,,,,
,,,,,,,,,,,,,,,,,,,,,,,,,,
,,,,,,,,,,,,,,,,,,,,,,,,,,
,,,,,,,,,,,,,,,,,,,,,,,,,,
,,,,,,,,,,,,,,,,,,,,,,,,,,
,,,,,,,,,,,,,,,,,,,,,,,,,,
,,,,,,,,,,,,,,,,,,,,,,,,,,
,,,,,,,,,,,,,,,,,,,,,,,,,,
,,,,,,,,,,,,,,,,,,,,,,,,,,
,,,,,,,,,,,,,,,,,,,,,,,,,,
,,,,,,,,,,,,,,,,,,,,,,,,,,
,,,,,,,,,,,,,,,,,,,,,,,,,,
,,,,,,,,,,,,,,,,,,,,,,,,,,
,,,,,,,,,,,,,,,,,,,,,,,,,,
,,,,,,,,,,,,,,,,,,,,,,,,,,
,,,,,,,,,,,,,,,,,,,,,,,,,,
,,,,,,,,,,,,,,,,,,,,,,,,,,
,,,,,,,,,,,,,,,,,,,,,,,,,,
,,,,,,,,,,,,,,,,,,,,,,,,,,
,,,,,,,,,,,,,,,,,,,,,,,,,,
,,,,,,,,,,,,,,,,,,,,,,,,,,
,,,,,,,,,,,,,,,,,,,,,,,,,,
,,,,,,,,,,,,,,,,,,,,,,,,,,
,,,,,,,,,,,,,,,,,,,,,,,,,,
,,,,,,,,,,,,,,,,,,,,,,,,,,
,,,,,,,,,,,,,,,,,,,,,,,,,,
,,,,,,,,,,,,,,,,,,,,,,,,,,
,,,,,,,,,,,,,,,,,,,,,,,,,,
,,,,,,,,,,,,,,,,,,,,,,,,,,
,,,,,,,,,,,,,,,,,,,,,,,,,,
,,,,,,,,,,,,,,,,,,,,,,,,,,
,,,,,,,,,,,,,,,,,,,,,,,,,,
,,,,,,,,,,,,,,,,,,,,,,,,,,
,,,,,,,,,,,,,,,,,,,,,,,,,,
,,,,,,,,,,,,,,,,,,,,,,,,,,
,,,,,,,,,,,,,,,,,,,,,,,,,,
,,,,,,,,,,,,,,,,,,,,,,,,,,
,,,,,,,,,,,,,,,,,,,,,,,,,,
,,,,,,,,,,,,,,,,,,,,,,,,,,
,,,,,,,,,,,,,,,,,,,,,,,,,,
,,,,,,,,,,,,,,,,,,,,,,,,,,
,,,,,,,,,,,,,,,,,,,,,,,,,,
,,,,,,,,,,,,,,,,,,,,,,,,,,
,,,,,,,,,,,,,,,,,,,,,,,,,,
,,,,,,,,,,,,,,,,,,,,,,,,,,
,,,,,,,,,,,,,,,,,,,,,,,,,,
,,,,,,,,,,,,,,,,,,,,,,,,,,
,,,,,,,,,,,,,,,,,,,,,,,,,,
,,,,,,,,,,,,,,,,,,,,,,,,,,
,,,,,,,,,,,,,,,,,,,,,,,,,,
,,,,,,,,,,,,,,,,,,,,,,,,,,
,,,,,,,,,,,,,,,,,,,,,,,,,,
,,,,,,,,,,,,,,,,,,,,,,,,,,
,,,,,,,,,,,,,,,,,,,,,,,,,,
,,,,,,,,,,,,,,,,,,,,,,,,,,
,,,,,,,,,,,,,,,,,,,,,,,,,,
,,,,,,,,,,,,,,,,,,,,,,,,,,
,,,,,,,,,,,,,,,,,,,,,,,,,,
,,,,,,,,,,,,,,,,,,,,,,,,,,
,,,,,,,,,,,,,,,,,,,,,,,,,,
,,,,,,,,,,,,,,,,,,,,,,,,,,
,,,,,,,,,,,,,,,,,,,,,,,,,,
,,,,,,,,,,,,,,,,,,,,,,,,,,
,,,,,,,,,,,,,,,,,,,,,,,,,,
,,,,,,,,,,,,,,,,,,,,,,,,,,
,,,,,,,,,,,,,,,,,,,,,,,,,,
,,,,,,,,,,,,,,,,,,,,,,,,,,
,,,,,,,,,,,,,,,,,,,,,,,,,,
,,,,,,,,,,,,,,,,,,,,,,,,,,
,,,,,,,,,,,,,,,,,,,,,,,,,,
,,,,,,,,,,,,,,,,,,,,,,,,,,
,,,,,,,,,,,,,,,,,,,,,,,,,,
,,,,,,,,,,,,,,,,,,,,,,,,,,
,,,,,,,,,,,,,,,,,,,,,,,,,,
,,,,,,,,,,,,,,,,,,,,,,,,,,
,,,,,,,,,,,,,,,,,,,,,,,,,,
,,,,,,,,,,,,,,,,,,,,,,,,,,
,,,,,,,,,,,,,,,,,,,,,,,,,,
,,,,,,,,,,,,,,,,,,,,,,,,,,
,,,,,,,,,,,,,,,,,,,,,,,,,,
,,,,,,,,,,,,,,,,,,,,,,,,,,
,,,,,,,,,,,,,,,,,,,,,,,,,,
,,,,,,,,,,,,,,,,,,,,,,,,,,
,,,,,,,,,,,,,,,,,,,,,,,,,,
,,,,,,,,,,,,,,,,,,,,,,,,,,
,,,,,,,,,,,,,,,,,,,,,,,,,,
,,,,,,,,,,,,,,,,,,,,,,,,,,
,,,,,,,,,,,,,,,,,,,,,,,,,,
,,,,,,,,,,,,,,,,,,,,,,,,,,
,,,,,,,,,,,,,,,,,,,,,,,,,,
,,,,,,,,,,,,,,,,,,,,,,,,,,
,,,,,,,,,,,,,,,,,,,,,,,,,,
,,,,,,,,,,,,,,,,,,,,,,,,,,
,,,,,,,,,,,,,,,,,,,,,,,,,,
,,,,,,,,,,,,,,,,,,,,,,,,,,
,,,,,,,,,,,,,,,,,,,,,,,,,,
,,,,,,,,,,,,,,,,,,,,,,,,,,
,,,,,,,,,,,,,,,,,,,,,,,,,,
,,,,,,,,,,,,,,,,,,,,,,,,,,
,,,,,,,,,,,,,,,,,,,,,,,,,,
,,,,,,,,,,,,,,,,,,,,,,,,,,
,,,,,,,,,,,,,,,,,,,,,,,,,,
,,,,,,,,,,,,,,,,,,,,,,,,,,
,,,,,,,,,,,,,,,,,,,,,,,,,,
,,,,,,,,,,,,,,,,,,,,,,,,,,
,,,,,,,,,,,,,,,,,,,,,,,,,,
,,,,,,,,,,,,,,,,,,,,,,,,,,
,,,,,,,,,,,,,,,,,,,,,,,,,,
,,,,,,,,,,,,,,,,,,,,,,,,,,
,,,,,,,,,,,,,,,,,,,,,,,,,,
,,,,,,,,,,,,,,,,,,,,,,,,,,
,,,,,,,,,,,,,,,,,,,,,,,,,,
,,,,,,,,,,,,,,,,,,,,,,,,,,
,,,,,,,,,,,,,,,,,,,,,,,,,,
,,,,,,,,,,,,,,,,,,,,,,,,,,
,,,,,,,,,,,,,,,,,,,,,,,,,,
,,,,,,,,,,,,,,,,,,,,,,,,,,
,,,,,,,,,,,,,,,,,,,,,,,,,,
,,,,,,,,,,,,,,,,,,,,,,,,,,
,,,,,,,,,,,,,,,,,,,,,,,,,,
,,,,,,,,,,,,,,,,,,,,,,,,,,
,,,,,,,,,,,,,,,,,,,,,,,,,,
,,,,,,,,,,,,,,,,,,,,,,,,,,
,,,,,,,,,,,,,,,,,,,,,,,,,,
,,,,,,,,,,,,,,,,,,,,,,,,,,
,,,,,,,,,,,,,,,,,,,,,,,,,,
,,,,,,,,,,,,,,,,,,,,,,,,,,
,,,,,,,,,,,,,,,,,,,,,,,,,,
,,,,,,,,,,,,,,,,,,,,,,,,,,
,,,,,,,,,,,,,,,,,,,,,,,,,,
,,,,,,,,,,,,,,,,,,,,,,,,,,
,,,,,,,,,,,,,,,,,,,,,,,,,,
,,,,,,,,,,,,,,,,,,,,,,,,,,
,,,,,,,,,,,,,,,,,,,,,,,,,,
,,,,,,,,,,,,,,,,,,,,,,,,,,
,,,,,,,,,,,,,,,,,,,,,,,,,,
,,,,,,,,,,,,,,,,,,,,,,,,,,
,,,,,,,,,,,,,,,,,,,,,,,,,,
,,,,,,,,,,,,,,,,,,,,,,,,,,
,,,,,,,,,,,,,,,,,,,,,,,,,,
,,,,,,,,,,,,,,,,,,,,,,,,,,
,,,,,,,,,,,,,,,,,,,,,,,,,,
,,,,,,,,,,,,,,,,,,,,,,,,,,
,,,,,,,,,,,,,,,,,,,,,,,,,,
,,,,,,,,,,,,,,,,,,,,,,,,,,
,,,,,,,,,,,,,,,,,,,,,,,,,,
,,,,,,,,,,,,,,,,,,,,,,,,,,
,,,,,,,,,,,,,,,,,,,,,,,,,,
,,,,,,,,,,,,,,,,,,,,,,,,,,
,,,,,,,,,,,,,,,,,,,,,,,,,,
,,,,,,,,,,,,,,,,,,,,,,,,,,
,,,,,,,,,,,,,,,,,,,,,,,,,,
,,,,,,,,,,,,,,,,,,,,,,,,,,
,,,,,,,,,,,,,,,,,,,,,,,,,,
,,,,,,,,,,,,,,,,,,,,,,,,,,
,,,,,,,,,,,,,,,,,,,,,,,,,,
,,,,,,,,,,,,,,,,,,,,,,,,,,
,,,,,,,,,,,,,,,,,,,,,,,,,,
,,,,,,,,,,,,,,,,,,,,,,,,,,
,,,,,,,,,,,,,,,,,,,,,,,,,,
,,,,,,,,,,,,,,,,,,,,,,,,,,
,,,,,,,,,,,,,,,,,,,,,,,,,,
,,,,,,,,,,,,,,,,,,,,,,,,,,
,,,,,,,,,,,,,,,,,,,,,,,,,,
,,,,,,,,,,,,,,,,,,,,,,,,,,
,,,,,,,,,,,,,,,,,,,,,,,,,,
,,,,,,,,,,,,,,,,,,,,,,,,,,
,,,,,,,,,,,,,,,,,,,,,,,,,,
,,,,,,,,,,,,,,,,,,,,,,,,,,
,,,,,,,,,,,,,,,,,,,,,,,,,,
,,,,,,,,,,,,,,,,,,,,,,,,,,
,,,,,,,,,,,,,,,,,,,,,,,,,,
,,,,,,,,,,,,,,,,,,,,,,,,,,
,,,,,,,,,,,,,,,,,,,,,,,,,,
,,,,,,,,,,,,,,,,,,,,,,,,,,
,,,,,,,,,,,,,,,,,,,,,,,,,,
,,,,,,,,,,,,,,,,,,,,,,,,,,
,,,,,,,,,,,,,,,,,,,,,,,,,,
,,,,,,,,,,,,,,,,,,,,,,,,,,
,,,,,,,,,,,,,,,,,,,,,,,,,,
,,,,,,,,,,,,,,,,,,,,,,,,,,
,,,,,,,,,,,,,,,,,,,,,,,,,,
,,,,,,,,,,,,,,,,,,,,,,,,,,
,,,,,,,,,,,,,,,,,,,,,,,,,,
,,,,,,,,,,,,,,,,,,,,,,,,,,
,,,,,,,,,,,,,,,,,,,,,,,,,,
,,,,,,,,,,,,,,,,,,,,,,,,,,
,,,,,,,,,,,,,,,,,,,,,,,,,,
,,,,,,,,,,,,,,,,,,,,,,,,,,
,,,,,,,,,,,,,,,,,,,,,,,,,,
,,,,,,,,,,,,,,,,,,,,,,,,,,
,,,,,,,,,,,,,,,,,,,,,,,,,,
,,,,,,,,,,,,,,,,,,,,,,,,,,
,,,,,,,,,,,,,,,,,,,,,,,,,,
,,,,,,,,,,,,,,,,,,,,,,,,,,
,,,,,,,,,,,,,,,,,,,,,,,,,,
,,,,,,,,,,,,,,,,,,,,,,,,,,
,,,,,,,,,,,,,,,,,,,,,,,,,,
,,,,,,,,,,,,,,,,,,,,,,,,,,
,,,,,,,,,,,,,,,,,,,,,,,,,,
,,,,,,,,,,,,,,,,,,,,,,,,,,
,,,,,,,,,,,,,,,,,,,,,,,,,,
,,,,,,,,,,,,,,,,,,,,,,,,,,
,,,,,,,,,,,,,,,,,,,,,,,,,,
,,,,,,,,,,,,,,,,,,,,,,,,,,
,,,,,,,,,,,,,,,,,,,,,,,,,,
,,,,,,,,,,,,,,,,,,,,,,,,,,
,,,,,,,,,,,,,,,,,,,,,,,,,,
,,,,,,,,,,,,,,,,,,,,,,,,,,
,,,,,,,,,,,,,,,,,,,,,,,,,,
,,,,,,,,,,,,,,,,,,,,,,,,,,
,,,,,,,,,,,,,,,,,,,,,,,,,,
,,,,,,,,,,,,,,,,,,,,,,,,,,
,,,,,,,,,,,,,,,,,,,,,,,,,,
,,,,,,,,,,,,,,,,,,,,,,,,,,
,,,,,,,,,,,,,,,,,,,,,,,,,,
,,,,,,,,,,,,,,,,,,,,,,,,,,
,,,,,,,,,,,,,,,,,,,,,,,,,,
,,,,,,,,,,,,,,,,,,,,,,,,,,
,,,,,,,,,,,,,,,,,,,,,,,,,,
,,,,,,,,,,,,,,,,,,,,,,,,,,
,,,,,,,,,,,,,,,,,,,,,,,,,,
,,,,,,,,,,,,,,,,,,,,,,,,,,
,,,,,,,,,,,,,,,,,,,,,,,,,,
,,,,,,,,,,,,,,,,,,,,,,,,,,
,,,,,,,,,,,,,,,,,,,,,,,,,,
,,,,,,,,,,,,,,,,,,,,,,,,,,
,,,,,,,,,,,,,,,,,,,,,,,,,,
,,,,,,,,,,,,,,,,,,,,,,,,,,
,,,,,,,,,,,,,,,,,,,,,,,,,,
,,,,,,,,,,,,,,,,,,,,,,,,,,
,,,,,,,,,,,,,,,,,,,,,,,,,,
,,,,,,,,,,,,,,,,,,,,,,,,,,
,,,,,,,,,,,,,,,,,,,,,,,,,,
,,,,,,,,,,,,,,,,,,,,,,,,,,
,,,,,,,,,,,,,,,,,,,,,,,,,,
,,,,,,,,,,,,,,,,,,,,,,,,,,
,,,,,,,,,,,,,,,,,,,,,,,,,,
,,,,,,,,,,,,,,,,,,,,,,,,,,
,,,,,,,,,,,,,,,,,,,,,,,,,,
,,,,,,,,,,,,,,,,,,,,,,,,,,
,,,,,,,,,,,,,,,,,,,,,,,,,,
,,,,,,,,,,,,,,,,,,,,,,,,,,
,,,,,,,,,,,,,,,,,,,,,,,,,,
,,,,,,,,,,,,,,,,,,,,,,,,,,
,,,,,,,,,,,,,,,,,,,,,,,,,,
,,,,,,,,,,,,,,,,,,,,,,,,,,
,,,,,,,,,,,,,,,,,,,,,,,,,,
,,,,,,,,,,,,,,,,,,,,,,,,,,
,,,,,,,,,,,,,,,,,,,,,,,,,,
,,,,,,,,,,,,,,,,,,,,,,,,,,
,,,,,,,,,,,,,,,,,,,,,,,,,,
,,,,,,,,,,,,,,,,,,,,,,,,,,
,,,,,,,,,,,,,,,,,,,,,,,,,,
,,,,,,,,,,,,,,,,,,,,,,,,,,
,,,,,,,,,,,,,,,,,,,,,,,,,,
,,,,,,,,,,,,,,,,,,,,,,,,,,
,,,,,,,,,,,,,,,,,,,,,,,,,,
,,,,,,,,,,,,,,,,,,,,,,,,,,
,,,,,,,,,,,,,,,,,,,,,,,,,,
,,,,,,,,,,,,,,,,,,,,,,,,,,
,,,,,,,,,,,,,,,,,,,,,,,,,,
,,,,,,,,,,,,,,,,,,,,,,,,,,
,,,,,,,,,,,,,,,,,,,,,,,,,,
,,,,,,,,,,,,,,,,,,,,,,,,,,
,,,,,,,,,,,,,,,,,,,,,,,,,,
,,,,,,,,,,,,,,,,,,,,,,,,,,
,,,,,,,,,,,,,,,,,,,,,,,,,,
,,,,,,,,,,,,,,,,,,,,,,,,,,
,,,,,,,,,,,,,,,,,,,,,,,,,,
,,,,,,,,,,,,,,,,,,,,,,,,,,
,,,,,,,,,,,,,,,,,,,,,,,,,,
,,,,,,,,,,,,,,,,,,,,,,,,,,
,,,,,,,,,,,,,,,,,,,,,,,,,,
,,,,,,,,,,,,,,,,,,,,,,,,,,
,,,,,,,,,,,,,,,,,,,,,,,,,,
,,,,,,,,,,,,,,,,,,,,,,,,,,
,,,,,,,,,,,,,,,,,,,,,,,,,,
,,,,,,,,,,,,,,,,,,,,,,,,,,
,,,,,,,,,,,,,,,,,,,,,,,,,,
,,,,,,,,,,,,,,,,,,,,,,,,,,
,,,,,,,,,,,,,,,,,,,,,,,,,,
,,,,,,,,,,,,,,,,,,,,,,,,,,
,,,,,,,,,,,,,,,,,,,,,,,,,,
,,,,,,,,,,,,,,,,,,,,,,,,,,
,,,,,,,,,,,,,,,,,,,,,,,,,,
,,,,,,,,,,,,,,,,,,,,,,,,,,
,,,,,,,,,,,,,,,,,,,,,,,,,,
,,,,,,,,,,,,,,,,,,,,,,,,,,
,,,,,,,,,,,,,,,,,,,,,,,,,,
,,,,,,,,,,,,,,,,,,,,,,,,,,
,,,,,,,,,,,,,,,,,,,,,,,,,,
,,,,,,,,,,,,,,,,,,,,,,,,,,
,,,,,,,,,,,,,,,,,,,,,,,,,,
,,,,,,,,,,,,,,,,,,,,,,,,,,
,,,,,,,,,,,,,,,,,,,,,,,,,,
,,,,,,,,,,,,,,,,,,,,,,,,,,
,,,,,,,,,,,,,,,,,,,,,,,,,,
,,,,,,,,,,,,,,,,,,,,,,,,,,
,,,,,,,,,,,,,,,,,,,,,,,,,,
,,,,,,,,,,,,,,,,,,,,,,,,,,
,,,,,,,,,,,,,,,,,,,,,,,,,,
,,,,,,,,,,,,,,,,,,,,,,,,,,
,,,,,,,,,,,,,,,,,,,,,,,,,,
,,,,,,,,,,,,,,,,,,,,,,,,,,
,,,,,,,,,,,,,,,,,,,,,,,,,,
,,,,,,,,,,,,,,,,,,,,,,,,,,
,,,,,,,,,,,,,,,,,,,,,,,,,,
,,,,,,,,,,,,,,,,,,,,,,,,,,
,,,,,,,,,,,,,,,,,,,,,,,,,,
,,,,,,,,,,,,,,,,,,,,,,,,,,
,,,,,,,,,,,,,,,,,,,,,,,,,,
,,,,,,,,,,,,,,,,,,,,,,,,,,
,,,,,,,,,,,,,,,,,,,,,,,,,,
,,,,,,,,,,,,,,,,,,,,,,,,,,
,,,,,,,,,,,,,,,,,,,,,,,,,,
,,,,,,,,,,,,,,,,,,,,,,,,,,
,,,,,,,,,,,,,,,,,,,,,,,,,,
,,,,,,,,,,,,,,,,,,,,,,,,,,
,,,,,,,,,,,,,,,,,,,,,,,,,,
,,,,,,,,,,,,,,,,,,,,,,,,,,
,,,,,,,,,,,,,,,,,,,,,,,,,,
,,,,,,,,,,,,,,,,,,,,,,,,,,
,,,,,,,,,,,,,,,,,,,,,,,,,,
,,,,,,,,,,,,,,,,,,,,,,,,,,
,,,,,,,,,,,,,,,,,,,,,,,,,,
,,,,,,,,,,,,,,,,,,,,,,,,,,
,,,,,,,,,,,,,,,,,,,,,,,,,,
,,,,,,,,,,,,,,,,,,,,,,,,,,
,,,,,,,,,,,,,,,,,,,,,,,,,,
,,,,,,,,,,,,,,,,,,,,,,,,,,
,,,,,,,,,,,,,,,,,,,,,,,,,,
,,,,,,,,,,,,,,,,,,,,,,,,,,
,,,,,,,,,,,,,,,,,,,,,,,,,,
,,,,,,,,,,,,,,,,,,,,,,,,,,
,,,,,,,,,,,,,,,,,,,,,,,,,,
,,,,,,,,,,,,,,,,,,,,,,,,,,
,,,,,,,,,,,,,,,,,,,,,,,,,,
,,,,,,,,,,,,,,,,,,,,,,,,,,
,,,,,,,,,,,,,,,,,,,,,,,,,,
,,,,,,,,,,,,,,,,,,,,,,,,,,
,,,,,,,,,,,,,,,,,,,,,,,,,,
,,,,,,,,,,,,,,,,,,,,,,,,,,
,,,,,,,,,,,,,,,,,,,,,,,,,,
,,,,,,,,,,,,,,,,,,,,,,,,,,
,,,,,,,,,,,,,,,,,,,,,,,,,,
,,,,,,,,,,,,,,,,,,,,,,,,,,
,,,,,,,,,,,,,,,,,,,,,,,,,,
,,,,,,,,,,,,,,,,,,,,,,,,,,
,,,,,,,,,,,,,,,,,,,,,,,,,,
,,,,,,,,,,,,,,,,,,,,,,,,,,
,,,,,,,,,,,,,,,,,,,,,,,,,,
,,,,,,,,,,,,,,,,,,,,,,,,,,
,,,,,,,,,,,,,,,,,,,,,,,,,,
,,,,,,,,,,,,,,,,,,,,,,,,,,
,,,,,,,,,,,,,,,,,,,,,,,,,,
,,,,,,,,,,,,,,,,,,,,,,,,,,
,,,,,,,,,,,,,,,,,,,,,,,,,,
,,,,,,,,,,,,,,,,,,,,,,,,,,
,,,,,,,,,,,,,,,,,,,,,,,,,,
,,,,,,,,,,,,,,,,,,,,,,,,,,
,,,,,,,,,,,,,,,,,,,,,,,,,,
,,,,,,,,,,,,,,,,,,,,,,,,,,
,,,,,,,,,,,,,,,,,,,,,,,,,,
,,,,,,,,,,,,,,,,,,,,,,,,,,
,,,,,,,,,,,,,,,,,,,,,,,,,,
,,,,,,,,,,,,,,,,,,,,,,,,,,
,,,,,,,,,,,,,,,,,,,,,,,,,,
,,,,,,,,,,,,,,,,,,,,,,,,,,
,,,,,,,,,,,,,,,,,,,,,,,,,,
,,,,,,,,,,,,,,,,,,,,,,,,,,
,,,,,,,,,,,,,,,,,,,,,,,,,,
,,,,,,,,,,,,,,,,,,,,,,,,,,
,,,,,,,,,,,,,,,,,,,,,,,,,,
,,,,,,,,,,,,,,,,,,,,,,,,,,
,,,,,,,,,,,,,,,,,,,,,,,,,,
,,,,,,,,,,,,,,,,,,,,,,,,,,
,,,,,,,,,,,,,,,,,,,,,,,,,,
,,,,,,,,,,,,,,,,,,,,,,,,,,
,,,,,,,,,,,,,,,,,,,,,,,,,,
,,,,,,,,,,,,,,,,,,,,,,,,,,
,,,,,,,,,,,,,,,,,,,,,,,,,,
,,,,,,,,,,,,,,,,,,,,,,,,,,
,,,,,,,,,,,,,,,,,,,,,,,,,,
,,,,,,,,,,,,,,,,,,,,,,,,,,
,,,,,,,,,,,,,,,,,,,,,,,,,,
,,,,,,,,,,,,,,,,,,,,,,,,,,
,,,,,,,,,,,,,,,,,,,,,,,,,,
,,,,,,,,,,,,,,,,,,,,,,,,,,
,,,,,,,,,,,,,,,,,,,,,,,,,,
,,,,,,,,,,,,,,,,,,,,,,,,,,
,,,,,,,,,,,,,,,,,,,,,,,,,,
,,,,,,,,,,,,,,,,,,,,,,,,,,
,,,,,,,,,,,,,,,,,,,,,,,,,,
,,,,,,,,,,,,,,,,,,,,,,,,,,
,,,,,,,,,,,,,,,,,,,,,,,,,,
,,,,,,,,,,,,,,,,,,,,,,,,,,
,,,,,,,,,,,,,,,,,,,,,,,,,,
,,,,,,,,,,,,,,,,,,,,,,,,,,
,,,,,,,,,,,,,,,,,,,,,,,,,,
,,,,,,,,,,,,,,,,,,,,,,,,,,
,,,,,,,,,,,,,,,,,,,,,,,,,,
,,,,,,,,,,,,,,,,,,,,,,,,,,
,,,,,,,,,,,,,,,,,,,,,,,,,,
,,,,,,,,,,,,,,,,,,,,,,,,,,
,,,,,,,,,,,,,,,,,,,,,,,,,,
,,,,,,,,,,,,,,,,,,,,,,,,,,
,,,,,,,,,,,,,,,,,,,,,,,,,,
,,,,,,,,,,,,,,,,,,,,,,,,,,
,,,,,,,,,,,,,,,,,,,,,,,,,,
,,,,,,,,,,,,,,,,,,,,,,,,,,
,,,,,,,,,,,,,,,,,,,,,,,,,,
,,,,,,,,,,,,,,,,,,,,,,,,,,
,,,,,,,,,,,,,,,,,,,,,,,,,,
,,,,,,,,,,,,,,,,,,,,,,,,,,
,,,,,,,,,,,,,,,,,,,,,,,,,,
,,,,,,,,,,,,,,,,,,,,,,,,,,
,,,,,,,,,,,,,,,,,,,,,,,,,,
,,,,,,,,,,,,,,,,,,,,,,,,,,
,,,,,,,,,,,,,,,,,,,,,,,,,,
,,,,,,,,,,,,,,,,,,,,,,,,,,
,,,,,,,,,,,,,,,,,,,,,,,,,,
,,,,,,,,,,,,,,,,,,,,,,,,,,
,,,,,,,,,,,,,,,,,,,,,,,,,,
,,,,,,,,,,,,,,,,,,,,,,,,,,
,,,,,,,,,,,,,,,,,,,,,,,,,,
,,,,,,,,,,,,,,,,,,,,,,,,,,
,,,,,,,,,,,,,,,,,,,,,,,,,,
,,,,,,,,,,,,,,,,,,,,,,,,,,
,,,,,,,,,,,,,,,,,,,,,,,,,,
,,,,,,,,,,,,,,,,,,,,,,,,,,
,,,,,,,,,,,,,,,,,,,,,,,,,,
,,,,,,,,,,,,,,,,,,,,,,,,,,
,,,,,,,,,,,,,,,,,,,,,,,,,,
,,,,,,,,,,,,,,,,,,,,,,,,,,
,,,,,,,,,,,,,,,,,,,,,,,,,,
,,,,,,,,,,,,,,,,,,,,,,,,,,
,,,,,,,,,,,,,,,,,,,,,,,,,,
,,,,,,,,,,,,,,,,,,,,,,,,,,
,,,,,,,,,,,,,,,,,,,,,,,,,,
,,,,,,,,,,,,,,,,,,,,,,,,,,
,,,,,,,,,,,,,,,,,,,,,,,,,,
,,,,,,,,,,,,,,,,,,,,,,,,,,
,,,,,,,,,,,,,,,,,,,,,,,,,,
,,,,,,,,,,,,,,,,,,,,,,,,,,
,,,,,,,,,,,,,,,,,,,,,,,,,,
,,,,,,,,,,,,,,,,,,,,,,,,,,
,,,,,,,,,,,,,,,,,,,,,,,,,,
,,,,,,,,,,,,,,,,,,,,,,,,,,
,,,,,,,,,,,,,,,,,,,,,,,,,,
,,,,,,,,,,,,,,,,,,,,,,,,,,
,,,,,,,,,,,,,,,,,,,,,,,,,,
,,,,,,,,,,,,,,,,,,,,,,,,,,
,,,,,,,,,,,,,,,,,,,,,,,,,,
,,,,,,,,,,,,,,,,,,,,,,,,,,
,,,,,,,,,,,,,,,,,,,,,,,,,,
,,,,,,,,,,,,,,,,,,,,,,,,,,
,,,,,,,,,,,,,,,,,,,,,,,,,,
,,,,,,,,,,,,,,,,,,,,,,,,,,
,,,,,,,,,,,,,,,,,,,,,,,,,,
,,,,,,,,,,,,,,,,,,,,,,,,,,
,,,,,,,,,,,,,,,,,,,,,,,,,,
,,,,,,,,,,,,,,,,,,,,,,,,,,
,,,,,,,,,,,,,,,,,,,,,,,,,,
,,,,,,,,,,,,,,,,,,,,,,,,,,
,,,,,,,,,,,,,,,,,,,,,,,,,,
,,,,,,,,,,,,,,,,,,,,,,,,,,
,,,,,,,,,,,,,,,,,,,,,,,,,,
,,,,,,,,,,,,,,,,,,,,,,,,,,
,,,,,,,,,,,,,,,,,,,,,,,,,,
,,,,,,,,,,,,,,,,,,,,,,,,,,
,,,,,,,,,,,,,,,,,,,,,,,,,,
,,,,,,,,,,,,,,,,,,,,,,,,,,
,,,,,,,,,,,,,,,,,,,,,,,,,,
,,,,,,,,,,,,,,,,,,,,,,,,,,
,,,,,,,,,,,,,,,,,,,,,,,,,,
,,,,,,,,,,,,,,,,,,,,,,,,,,
,,,,,,,,,,,,,,,,,,,,,,,,,,
,,,,,,,,,,,,,,,,,,,,,,,,,,
,,,,,,,,,,,,,,,,,,,,,,,,,,
,,,,,,,,,,,,,,,,,,,,,,,,,,
,,,,,,,,,,,,,,,,,,,,,,,,,,
,,,,,,,,,,,,,,,,,,,,,,,,,,
,,,,,,,,,,,,,,,,,,,,,,,,,,
,,,,,,,,,,,,,,,,,,,,,,,,,,
,,,,,,,,,,,,,,,,,,,,,,,,,,
,,,,,,,,,,,,,,,,,,,,,,,,,,
,,,,,,,,,,,,,,,,,,,,,,,,,,
,,,,,,,,,,,,,,,,,,,,,,,,,,
,,,,,,,,,,,,,,,,,,,,,,,,,,
,,,,,,,,,,,,,,,,,,,,,,,,,,
,,,,,,,,,,,,,,,,,,,,,,,,,,
,,,,,,,,,,,,,,,,,,,,,,,,,,
,,,,,,,,,,,,,,,,,,,,,,,,,,
,,,,,,,,,,,,,,,,,,,,,,,,,,
,,,,,,,,,,,,,,,,,,,,,,,,,,
,,,,,,,,,,,,,,,,,,,,,,,,,,
,,,,,,,,,,,,,,,,,,,,,,,,,,
,,,,,,,,,,,,,,,,,,,,,,,,,,
,,,,,,,,,,,,,,,,,,,,,,,,,,
,,,,,,,,,,,,,,,,,,,,,,,,,,
,,,,,,,,,,,,,,,,,,,,,,,,,,
,,,,,,,,,,,,,,,,,,,,,,,,,,
,,,,,,,,,,,,,,,,,,,,,,,,,,
,,,,,,,,,,,,,,,,,,,,,,,,,,
,,,,,,,,,,,,,,,,,,,,,,,,,,
,,,,,,,,,,,,,,,,,,,,,,,,,,
,,,,,,,,,,,,,,,,,,,,,,,,,,
,,,,,,,,,,,,,,,,,,,,,,,,,,
,,,,,,,,,,,,,,,,,,,,,,,,,,
,,,,,,,,,,,,,,,,,,,,,,,,,,
,,,,,,,,,,,,,,,,,,,,,,,,,,
,,,,,,,,,,,,,,,,,,,,,,,,,,
,,,,,,,,,,,,,,,,,,,,,,,,,,
,,,,,,,,,,,,,,,,,,,,,,,,,,
,,,,,,,,,,,,,,,,,,,,,,,,,,
,,,,,,,,,,,,,,,,,,,,,,,,,,
,,,,,,,,,,,,,,,,,,,,,,,,,,
,,,,,,,,,,,,,,,,,,,,,,,,,,
,,,,,,,,,,,,,,,,,,,,,,,,,,
,,,,,,,,,,,,,,,,,,,,,,,,,,
,,,,,,,,,,,,,,,,,,,,,,,,,,
,,,,,,,,,,,,,,,,,,,,,,,,,,
,,,,,,,,,,,,,,,,,,,,,,,,,,
,,,,,,,,,,,,,,,,,,,,,,,,,,
,,,,,,,,,,,,,,,,,,,,,,,,,,
,,,,,,,,,,,,,,,,,,,,,,,,,,
,,,,,,,,,,,,,,,,,,,,,,,,,,
,,,,,,,,,,,,,,,,,,,,,,,,,,
,,,,,,,,,,,,,,,,,,,,,,,,,,
,,,,,,,,,,,,,,,,,,,,,,,,,,
,,,,,,,,,,,,,,,,,,,,,,,,,,
,,,,,,,,,,,,,,,,,,,,,,,,,,
,,,,,,,,,,,,,,,,,,,,,,,,,,
,,,,,,,,,,,,,,,,,,,,,,,,,,
,,,,,,,,,,,,,,,,,,,,,,,,,,
,,,,,,,,,,,,,,,,,,,,,,,,,,
,,,,,,,,,,,,,,,,,,,,,,,,,,
,,,,,,,,,,,,,,,,,,,,,,,,,,
,,,,,,,,,,,,,,,,,,,,,,,,,,
,,,,,,,,,,,,,,,,,,,,,,,,,,
,,,,,,,,,,,,,,,,,,,,,,,,,,
,,,,,,,,,,,,,,,,,,,,,,,,,,
,,,,,,,,,,,,,,,,,,,,,,,,,,
,,,,,,,,,,,,,,,,,,,,,,,,,,
,,,,,,,,,,,,,,,,,,,,,,,,,,
,,,,,,,,,,,,,,,,,,,,,,,,,,
,,,,,,,,,,,,,,,,,,,,,,,,,,
,,,,,,,,,,,,,,,,,,,,,,,,,,
,,,,,,,,,,,,,,,,,,,,,,,,,,
,,,,,,,,,,,,,,,,,,,,,,,,,,
,,,,,,,,,,,,,,,,,,,,,,,,,,
,,,,,,,,,,,,,,,,,,,,,,,,,,
,,,,,,,,,,,,,,,,,,,,,,,,,,
,,,,,,,,,,,,,,,,,,,,,,,,,,
,,,,,,,,,,,,,,,,,,,,,,,,,,
,,,,,,,,,,,,,,,,,,,,,,,,,,
,,,,,,,,,,,,,,,,,,,,,,,,,,
,,,,,,,,,,,,,,,,,,,,,,,,,,
,,,,,,,,,,,,,,,,,,,,,,,,,,
,,,,,,,,,,,,,,,,,,,,,,,,,,
,,,,,,,,,,,,,,,,,,,,,,,,,,
,,,,,,,,,,,,,,,,,,,,,,,,,,
,,,,,,,,,,,,,,,,,,,,,,,,,,
,,,,,,,,,,,,,,,,,,,,,,,,,,
,,,,,,,,,,,,,,,,,,,,,,,,,,
,,,,,,,,,,,,,,,,,,,,,,,,,,
,,,,,,,,,,,,,,,,,,,,,,,,,,
,,,,,,,,,,,,,,,,,,,,,,,,,,
,,,,,,,,,,,,,,,,,,,,,,,,,,
,,,,,,,,,,,,,,,,,,,,,,,,,,
,,,,,,,,,,,,,,,,,,,,,,,,,,
,,,,,,,,,,,,,,,,,,,,,,,,,,
,,,,,,,,,,,,,,,,,,,,,,,,,,
,,,,,,,,,,,,,,,,,,,,,,,,,,
,,,,,,,,,,,,,,,,,,,,,,,,,,
,,,,,,,,,,,,,,,,,,,,,,,,,,
,,,,,,,,,,,,,,,,,,,,,,,,,,
,,,,,,,,,,,,,,,,,,,,,,,,,,
,,,,,,,,,,,,,,,,,,,,,,,,,,
,,,,,,,,,,,,,,,,,,,,,,,,,,
,,,,,,,,,,,,,,,,,,,,,,,,,,
,,,,,,,,,,,,,,,,,,,,,,,,,,
,,,,,,,,,,,,,,,,,,,,,,,,,,
,,,,,,,,,,,,,,,,,,,,,,,,,,
,,,,,,,,,,,,,,,,,,,,,,,,,,
,,,,,,,,,,,,,,,,,,,,,,,,,,
,,,,,,,,,,,,,,,,,,,,,,,,,,
,,,,,,,,,,,,,,,,,,,,,,,,,,
,,,,,,,,,,,,,,,,,,,,,,,,,,
,,,,,,,,,,,,,,,,,,,,,,,,,,
,,,,,,,,,,,,,,,,,,,,,,,,,,
,,,,,,,,,,,,,,,,,,,,,,,,,,
,,,,,,,,,,,,,,,,,,,,,,,,,,
,,,,,,,,,,,,,,,,,,,,,,,,,,
,,,,,,,,,,,,,,,,,,,,,,,,,,
,,,,,,,,,,,,,,,,,,,,,,,,,,
,,,,,,,,,,,,,,,,,,,,,,,,,,
,,,,,,,,,,,,,,,,,,,,,,,,,,
,,,,,,,,,,,,,,,,,,,,,,,,,,
,,,,,,,,,,,,,,,,,,,,,,,,,,
,,,,,,,,,,,,,,,,,,,,,,,,,,
,,,,,,,,,,,,,,,,,,,,,,,,,,
,,,,,,,,,,,,,,,,,,,,,,,,,,
,,,,,,,,,,,,,,,,,,,,,,,,,,
,,,,,,,,,,,,,,,,,,,,,,,,,,
,,,,,,,,,,,,,,,,,,,,,,,,,,
,,,,,,,,,,,,,,,,,,,,,,,,,,
,,,,,,,,,,,,,,,,,,,,,,,,,,
,,,,,,,,,,,,,,,,,,,,,,,,,,
,,,,,,,,,,,,,,,,,,,,,,,,,,
,,,,,,,,,,,,,,,,,,,,,,,,,,
,,,,,,,,,,,,,,,,,,,,,,,,,,
,,,,,,,,,,,,,,,,,,,,,,,,,,
,,,,,,,,,,,,,,,,,,,,,,,,,,
,,,,,,,,,,,,,,,,,,,,,,,,,,
,,,,,,,,,,,,,,,,,,,,,,,,,,
,,,,,,,,,,,,,,,,,,,,,,,,,,
,,,,,,,,,,,,,,,,,,,,,,,,,,
,,,,,,,,,,,,,,,,,,,,,,,,,,
,,,,,,,,,,,,,,,,,,,,,,,,,,
,,,,,,,,,,,,,,,,,,,,,,,,,,
,,,,,,,,,,,,,,,,,,,,,,,,,,
,,,,,,,,,,,,,,,,,,,,,,,,,,
,,,,,,,,,,,,,,,,,,,,,,,,,,
,,,,,,,,,,,,,,,,,,,,,,,,,,
,,,,,,,,,,,,,,,,,,,,,,,,,,
,,,,,,,,,,,,,,,,,,,,,,,,,,
,,,,,,,,,,,,,,,,,,,,,,,,,,
,,,,,,,,,,,,,,,,,,,,,,,,,,
,,,,,,,,,,,,,,,,,,,,,,,,,,
,,,,,,,,,,,,,,,,,,,,,,,,,,
,,,,,,,,,,,,,,,,,,,,,,,,,,
,,,,,,,,,,,,,,,,,,,,,,,,,,
,,,,,,,,,,,,,,,,,,,,,,,,,,
,,,,,,,,,,,,,,,,,,,,,,,,,,
,,,,,,,,,,,,,,,,,,,,,,,,,,
,,,,,,,,,,,,,,,,,,,,,,,,,,
,,,,,,,,,,,,,,,,,,,,,,,,,,
,,,,,,,,,,,,,,,,,,,,,,,,,,
,,,,,,,,,,,,,,,,,,,,,,,,,,
,,,,,,,,,,,,,,,,,,,,,,,,,,
,,,,,,,,,,,,,,,,,,,,,,,,,,
,,,,,,,,,,,,,,,,,,,,,,,,,,
,,,,,,,,,,,,,,,,,,,,,,,,,,
,,,,,,,,,,,,,,,,,,,,,,,,,,
,,,,,,,,,,,,,,,,,,,,,,,,,,
,,,,,,,,,,,,,,,,,,,,,,,,,,
,,,,,,,,,,,,,,,,,,,,,,,,,,
,,,,,,,,,,,,,,,,,,,,,,,,,,
,,,,,,,,,,,,,,,,,,,,,,,,,,
,,,,,,,,,,,,,,,,,,,,,,,,,,
,,,,,,,,,,,,,,,,,,,,,,,,,,
,,,,,,,,,,,,,,,,,,,,,,,,,,
,,,,,,,,,,,,,,,,,,,,,,,,,,
,,,,,,,,,,,,,,,,,,,,,,,,,,
,,,,,,,,,,,,,,,,,,,,,,,,,,
,,,,,,,,,,,,,,,,,,,,,,,,,,
,,,,,,,,,,,,,,,,,,,,,,,,,,
,,,,,,,,,,,,,,,,,,,,,,,,,,
,,,,,,,,,,,,,,,,,,,,,,,,,,
,,,,,,,,,,,,,,,,,,,,,,,,,,
,,,,,,,,,,,,,,,,,,,,,,,,,,
,,,,,,,,,,,,,,,,,,,,,,,,,,
,,,,,,,,,,,,,,,,,,,,,,,,,,
,,,,,,,,,,,,,,,,,,,,,,,,,,
,,,,,,,,,,,,,,,,,,,,,,,,,,
,,,,,,,,,,,,,,,,,,,,,,,,,,
,,,,,,,,,,,,,,,,,,,,,,,,,,
,,,,,,,,,,,,,,,,,,,,,,,,,,
,,,,,,,,,,,,,,,,,,,,,,,,,,
,,,,,,,,,,,,,,,,,,,,,,,,,,
,,,,,,,,,,,,,,,,,,,,,,,,,,
,,,,,,,,,,,,,,,,,,,,,,,,,,
,,,,,,,,,,,,,,,,,,,,,,,,,,
,,,,,,,,,,,,,,,,,,,,,,,,,,
,,,,,,,,,,,,,,,,,,,,,,,,,,
,,,,,,,,,,,,,,,,,,,,,,,,,,
,,,,,,,,,,,,,,,,,,,,,,,,,,
,,,,,,,,,,,,,,,,,,,,,,,,,,
,,,,,,,,,,,,,,,,,,,,,,,,,,
,,,,,,,,,,,,,,,,,,,,,,,,,,
,,,,,,,,,,,,,,,,,,,,,,,,,,
,,,,,,,,,,,,,,,,,,,,,,,,,,
,,,,,,,,,,,,,,,,,,,,,,,,,,
,,,,,,,,,,,,,,,,,,,,,,,,,,
,,,,,,,,,,,,,,,,,,,,,,,,,,
,,,,,,,,,,,,,,,,,,,,,,,,,,
,,,,,,,,,,,,,,,,,,,,,,,,,,
,,,,,,,,,,,,,,,,,,,,,,,,,,
,,,,,,,,,,,,,,,,,,,,,,,,,,
,,,,,,,,,,,,,,,,,,,,,,,,,,
,,,,,,,,,,,,,,,,,,,,,,,,,,
,,,,,,,,,,,,,,,,,,,,,,,,,,
,,,,,,,,,,,,,,,,,,,,,,,,,,
,,,,,,,,,,,,,,,,,,,,,,,,,,
,,,,,,,,,,,,,,,,,,,,,,,,,,
,,,,,,,,,,,,,,,,,,,,,,,,,,
,,,,,,,,,,,,,,,,,,,,,,,,,,
,,,,,,,,,,,,,,,,,,,,,,,,,,
